{"stats":{"minecraft:used":{"minecraft:sand":5,"minecraft:diamond_hoe":5,"minecraft:suspicious_stew":2,"minecraft:cyan_shulker_box":1,"minecraft:shield":4,"minecraft:diamond_sword":25,"minecraft:diamond_shovel":22,"minecraft:diamond_axe":46,"minecraft:diamond_pickaxe":5,"minecraft:crafting_table":1,"minecraft:birch_boat":3,"minecraft:pumpkin_pie":3,"minecraft:gray_shulker_box":4,"minecraft:dirt":1},"minecraft:killed":{"minecraft:zombie":1,"minecraft:skeleton":1,"minecraft:drowned":6,"minecraft:spider":1},"minecraft:crafted":{"minecraft:birch_boat":1,"minecraft:birch_planks":16,"minecraft:crafting_table":1},"minecraft:dropped":{"minecraft:rotten_flesh":5,"minecraft:sand":11,"minecraft:bow":1,"minecraft:kelp":8},"minecraft:mined":{"minecraft:gravel":8,"minecraft:short_grass":2,"minecraft:tall_grass":2,"minecraft:sand":14,"minecraft:cyan_shulker_box":1,"minecraft:crafting_table":1,"minecraft:birch_log":48,"minecraft:birch_leaves":1,"minecraft:hay_block":4,"minecraft:gray_shulker_box":4},"minecraft:custom":{"minecraft:interact_with_crafting_table":2,"minecraft:damage_blocked_by_shield":480,"minecraft:time_since_rest":764,"minecraft:walk_one_cm":10445,"minecraft:walk_under_water_one_cm":21979,"minecraft:mob_kills":9,"minecraft:damage_taken":139,"minecraft:boat_one_cm":489335,"minecraft:play_time":35932,"minecraft:damage_dealt":1638,"minecraft:open_shulker_box":10,"minecraft:jump":408,"minecraft:time_since_death":35932,"minecraft:drop":4,"minecraft:sprint_one_cm":29966,"minecraft:open_chest":17,"minecraft:sleep_in_bed":1,"minecraft:fall_one_cm":11209,"minecraft:total_world_time":35932,"minecraft:swim_one_cm":102842,"minecraft:fly_one_cm":68660,"minecraft:walk_on_water_one_cm":10653,"minecraft:sneak_time":610},"minecraft:picked_up":{"minecraft:dirt":1,"minecraft:flint":7,"minecraft:bow":2,"minecraft:crafting_table":1,"minecraft:birch_boat":3,"minecraft:kelp":8,"minecraft:gray_shulker_box":5,"minecraft:rotten_flesh":8,"minecraft:hay_block":4,"minecraft:string":2,"minecraft:copper_ingot":1,"minecraft:sand":16,"minecraft:birch_log":48,"minecraft:cyan_shulker_box":2,"minecraft:nautilus_shell":1,"minecraft:spider_eye":1}},"DataVersion":4440}