{"stats":{"minecraft:used":{"minecraft:sand":2,"minecraft:diamond_axe":46,"minecraft:diamond_pickaxe":3,"minecraft:crafting_table":1,"minecraft:cyan_shulker_box":1,"minecraft:birch_boat":1,"minecraft:diamond_sword":5,"minecraft:gray_shulker_box":2,"minecraft:diamond_shovel":13},"minecraft:killed":{"minecraft:zombie":1,"minecraft:drowned":1},"minecraft:crafted":{"minecraft:birch_boat":1,"minecraft:birch_planks":16,"minecraft:crafting_table":1},"minecraft:dropped":{"minecraft:sand":11,"minecraft:kelp":8},"minecraft:mined":{"minecraft:sand":13,"minecraft:cyan_shulker_box":1,"minecraft:crafting_table":1,"minecraft:birch_log":48,"minecraft:birch_leaves":1,"minecraft:gray_shulker_box":2},"minecraft:custom":{"minecraft:interact_with_crafting_table":2,"minecraft:time_since_rest":11932,"minecraft:walk_one_cm":5320,"minecraft:walk_under_water_one_cm":8397,"minecraft:mob_kills":2,"minecraft:damage_taken":45,"minecraft:boat_one_cm":75850,"minecraft:play_time":11932,"minecraft:damage_dealt":324,"minecraft:open_shulker_box":7,"minecraft:jump":133,"minecraft:time_since_death":11932,"minecraft:drop":2,"minecraft:sprint_one_cm":15808,"minecraft:open_chest":6,"minecraft:fall_one_cm":2395,"minecraft:total_world_time":11932,"minecraft:swim_one_cm":20891,"minecraft:fly_one_cm":19007,"minecraft:walk_on_water_one_cm":1961,"minecraft:sneak_time":150},"minecraft:picked_up":{"minecraft:copper_ingot":1,"minecraft:sand":13,"minecraft:birch_log":48,"minecraft:cyan_shulker_box":2,"minecraft:crafting_table":1,"minecraft:kelp":8,"minecraft:gray_shulker_box":3,"minecraft:rotten_flesh":3}},"DataVersion":4440}