{"stats":{"minecraft:used":{"minecraft:sand":2,"minecraft:diamond_axe":46,"minecraft:diamond_pickaxe":4,"minecraft:crafting_table":1,"minecraft:cyan_shulker_box":1,"minecraft:birch_boat":1,"minecraft:pumpkin_pie":2,"minecraft:diamond_sword":11,"minecraft:gray_shulker_box":3,"minecraft:diamond_shovel":21},"minecraft:killed":{"minecraft:zombie":1,"minecraft:drowned":3},"minecraft:crafted":{"minecraft:birch_boat":1,"minecraft:birch_planks":16,"minecraft:crafting_table":1},"minecraft:dropped":{"minecraft:sand":11,"minecraft:kelp":8},"minecraft:mined":{"minecraft:gravel":8,"minecraft:sand":13,"minecraft:cyan_shulker_box":1,"minecraft:crafting_table":1,"minecraft:birch_log":48,"minecraft:birch_leaves":1,"minecraft:gray_shulker_box":3},"minecraft:custom":{"minecraft:interact_with_crafting_table":2,"minecraft:time_since_rest":23932,"minecraft:walk_one_cm":5985,"minecraft:walk_under_water_one_cm":18306,"minecraft:mob_kills":4,"minecraft:damage_taken":92,"minecraft:boat_one_cm":289337,"minecraft:play_time":23932,"minecraft:damage_dealt":713,"minecraft:open_shulker_box":9,"minecraft:jump":258,"minecraft:time_since_death":23932,"minecraft:drop":2,"minecraft:sprint_one_cm":21021,"minecraft:open_chest":13,"minecraft:fall_one_cm":6620,"minecraft:total_world_time":23932,"minecraft:swim_one_cm":86166,"minecraft:fly_one_cm":49666,"minecraft:walk_on_water_one_cm":4549,"minecraft:sneak_time":605},"minecraft:picked_up":{"minecraft:copper_ingot":1,"minecraft:sand":13,"minecraft:birch_log":48,"minecraft:flint":7,"minecraft:cyan_shulker_box":2,"minecraft:crafting_table":1,"minecraft:birch_boat":1,"minecraft:kelp":8,"minecraft:gray_shulker_box":4,"minecraft:rotten_flesh":3}},"DataVersion":4440}