{"stats":{"minecraft:used":{"minecraft:sand":5,"minecraft:diamond_hoe":24,"minecraft:suspicious_stew":2,"minecraft:cyan_shulker_box":1,"minecraft:shield":4,"minecraft:diamond_sword":31,"minecraft:diamond_shovel":22,"minecraft:diamond_axe":46,"minecraft:diamond_pickaxe":5,"minecraft:crafting_table":1,"minecraft:birch_boat":3,"minecraft:pumpkin_pie":3,"minecraft:gray_shulker_box":4,"minecraft:dirt":1},"minecraft:killed":{"minecraft:zombie":1,"minecraft:skeleton":1,"minecraft:iron_golem":1,"minecraft:drowned":6,"minecraft:spider":1},"minecraft:crafted":{"minecraft:birch_boat":1,"minecraft:birch_planks":16,"minecraft:crafting_table":1,"minecraft:wheat":180},"minecraft:dropped":{"minecraft:rotten_flesh":5,"minecraft:sand":11,"minecraft:bow":1,"minecraft:kelp":8},"minecraft:mined":{"minecraft:gravel":8,"minecraft:short_grass":3,"minecraft:tall_grass":4,"minecraft:sand":14,"minecraft:glass_pane":1,"minecraft:cyan_shulker_box":1,"minecraft:crafting_table":1,"minecraft:birch_log":48,"minecraft:birch_leaves":1,"minecraft:hay_block":20,"minecraft:gray_shulker_box":4},"minecraft:custom":{"minecraft:interact_with_crafting_table":2,"minecraft:damage_blocked_by_shield":480,"minecraft:time_since_rest":5266,"minecraft:walk_one_cm":16506,"minecraft:leave_game":1,"minecraft:walk_under_water_one_cm":21979,"minecraft:mob_kills":10,"minecraft:damage_taken":142,"minecraft:boat_one_cm":489335,"minecraft:play_time":40434,"minecraft:damage_dealt":2078,"minecraft:open_shulker_box":10,"minecraft:jump":464,"minecraft:time_since_death":40434,"minecraft:drop":4,"minecraft:sprint_one_cm":42894,"minecraft:open_chest":22,"minecraft:sleep_in_bed":1,"minecraft:fall_one_cm":12484,"minecraft:total_world_time":40434,"minecraft:swim_one_cm":102842,"minecraft:fly_one_cm":83070,"minecraft:walk_on_water_one_cm":10653,"minecraft:sneak_time":610},"minecraft:picked_up":{"minecraft:dirt":1,"minecraft:poppy":1,"minecraft:flint":7,"minecraft:bow":2,"minecraft:crafting_table":1,"minecraft:birch_boat":3,"minecraft:iron_ingot":4,"minecraft:kelp":8,"minecraft:gray_shulker_box":5,"minecraft:rotten_flesh":10,"minecraft:hay_block":20,"minecraft:string":2,"minecraft:copper_ingot":1,"minecraft:sand":16,"minecraft:birch_log":48,"minecraft:cyan_shulker_box":2,"minecraft:nautilus_shell":1,"minecraft:spider_eye":1}},"DataVersion":4440}