{"stats":{"minecraft:used":{"minecraft:chainmail_boots":1,"minecraft:chainmail_helmet":1,"minecraft:chainmail_chestplate":1,"minecraft:diamond_pickaxe":47,"minecraft:wooden_pickaxe":4,"minecraft:bread":5,"minecraft:gray_shulker_box":2,"minecraft:brown_shulker_box":2,"minecraft:chainmail_leggings":1},"minecraft:dropped":{"minecraft:pink_petals":4},"minecraft:mined":{"minecraft:short_grass":7,"minecraft:brown_shulker_box":2,"minecraft:oak_leaves":3,"minecraft:dirt":12,"minecraft:leaf_litter":1,"minecraft:diorite":10,"minecraft:coal_ore":2,"minecraft:grass_block":4,"minecraft:obsidian":1,"minecraft:stone":32,"minecraft:gray_shulker_box":2},"minecraft:custom":{"minecraft:time_since_rest":34,"minecraft:walk_one_cm":26610,"minecraft:leave_game":1,"minecraft:walk_under_water_one_cm":271,"minecraft:damage_taken":723,"minecraft:play_time":14109,"minecraft:open_shulker_box":7,"minecraft:jump":275,"minecraft:time_since_death":4040,"minecraft:drop":4,"minecraft:sprint_one_cm":56877,"minecraft:open_chest":2,"minecraft:sleep_in_bed":1,"minecraft:fall_one_cm":3879,"minecraft:total_world_time":14109,"minecraft:swim_one_cm":3684,"minecraft:fly_one_cm":40930,"minecraft:walk_on_water_one_cm":662,"minecraft:sneak_time":36,"minecraft:deaths":2},"minecraft:picked_up":{"minecraft:coal_ore":2,"minecraft:chainmail_leggings":1,"minecraft:dirt":16,"minecraft:cobblestone":26,"minecraft:flint":3,"minecraft:stone":32,"minecraft:golden_pickaxe":1,"minecraft:diamond_pickaxe":1,"minecraft:gray_shulker_box":4,"minecraft:bread":59,"minecraft:lodestone":2,"minecraft:leaf_litter":8,"minecraft:wooden_axe":1,"minecraft:wheat_seeds":4,"minecraft:shield":1,"minecraft:chainmail_chestplate":1,"minecraft:golden_apple":1,"minecraft:diorite":10,"minecraft:wooden_pickaxe":1,"minecraft:chainmail_helmet":1,"minecraft:brown_shulker_box":4,"minecraft:chainmail_boots":1,"minecraft:golden_sword":1,"minecraft:obsidian":5,"minecraft:iron_nugget":18,"minecraft:pink_petals":4}},"DataVersion":4440}