{"stats":{"minecraft:used":{"minecraft:stone_axe":5,"minecraft:sand":1,"minecraft:stone_sword":81,"minecraft:shield":24,"minecraft:iron_pickaxe":28,"minecraft:wooden_pickaxe":17,"minecraft:diamond_sword":17,"minecraft:iron_sword":17,"minecraft:water_bucket":3,"minecraft:bucket":4,"minecraft:crafting_table":5,"minecraft:birch_boat":1,"minecraft:furnace":3,"minecraft:bread":17,"minecraft:stone_pickaxe":42,"minecraft:dirt":6,"minecraft:brown_shulker_box":2},"minecraft:crafted":{"minecraft:stone_sword":1,"minecraft:bucket":1,"minecraft:furnace":1,"minecraft:birch_boat":1,"minecraft:iron_ingot":30,"minecraft:birch_planks":16,"minecraft:stone_pickaxe":1,"minecraft:iron_chestplate":1,"minecraft:iron_boots":1,"minecraft:crafting_table":1,"minecraft:stick":12,"minecraft:wooden_pickaxe":1,"minecraft:stone_axe":1,"minecraft:iron_helmet":1,"minecraft:iron_pickaxe":1,"minecraft:diamond_sword":1,"minecraft:iron_sword":1,"minecraft:air":0,"minecraft:iron_leggings":1},"minecraft:killed":{"minecraft:zombie":7,"minecraft:skeleton":16,"minecraft:glow_squid":1,"minecraft:creeper":1,"minecraft:cow":3,"minecraft:spider":2},"minecraft:dropped":{"minecraft:totem_of_undying":2,"minecraft:wildflowers":3,"minecraft:cobblestone":2,"minecraft:chainmail_leggings":2,"minecraft:pointed_dripstone":1,"minecraft:andesite":1,"minecraft:name_tag":1,"minecraft:chainmail_helmet":5,"minecraft:bone":9,"minecraft:iron_leggings":1,"minecraft:stick":1,"minecraft:chainmail_boots":1,"minecraft:stone_axe":1,"minecraft:stone_pickaxe":1,"minecraft:moss_block":1,"minecraft:chainmail_chestplate":2,"minecraft:glow_ink_sac":2},"minecraft:mined":{"minecraft:wildflowers":1,"minecraft:brown_shulker_box":2,"minecraft:dirt":2,"minecraft:andesite":1,"minecraft:grass_block":4,"minecraft:cobblestone":1,"minecraft:moss_block":1,"minecraft:deepslate_gold_ore":11,"minecraft:sand":1,"minecraft:furnace":4,"minecraft:deepslate_lapis_ore":4,"minecraft:deepslate_diamond_ore":1,"minecraft:deepslate_iron_ore":5,"minecraft:crafting_table":6,"minecraft:birch_log":4,"minecraft:deepslate_redstone_ore":7,"minecraft:iron_ore":31,"minecraft:stone":18},"minecraft:custom":{"minecraft:time_since_rest":34970,"minecraft:leave_game":2,"minecraft:damage_taken":700,"minecraft:mob_kills":30,"minecraft:boat_one_cm":19926,"minecraft:open_shulker_box":7,"minecraft:time_since_death":34970,"minecraft:interact_with_furnace":34,"minecraft:total_world_time":34970,"minecraft:swim_one_cm":1218,"minecraft:crouch_one_cm":3545,"minecraft:damage_blocked_by_shield":1550,"minecraft:interact_with_crafting_table":17,"minecraft:walk_one_cm":88949,"minecraft:walk_under_water_one_cm":217,"minecraft:play_time":34970,"minecraft:damage_dealt":5509,"minecraft:jump":620,"minecraft:drop":26,"minecraft:sprint_one_cm":107213,"minecraft:open_chest":4,"minecraft:fall_one_cm":14960,"minecraft:fly_one_cm":79185,"minecraft:walk_on_water_one_cm":5215,"minecraft:sneak_time":1351},"minecraft:picked_up":{"minecraft:name_tag":1,"minecraft:chainmail_leggings":1,"minecraft:dirt":6,"minecraft:cobblestone":18,"minecraft:redstone":35,"minecraft:bone":9,"minecraft:coal":16,"minecraft:sand":1,"minecraft:furnace":3,"minecraft:birch_log":4,"minecraft:diamond":4,"minecraft:lapis_lazuli":23,"minecraft:chainmail_chestplate":2,"minecraft:glow_ink_sac":2,"minecraft:stick":3,"minecraft:totem_of_undying":2,"minecraft:chainmail_helmet":4,"minecraft:oak_planks":51,"minecraft:wildflowers":3,"minecraft:moss_block":1,"minecraft:crafting_table":5,"minecraft:arrow":18,"minecraft:birch_boat":1,"minecraft:iron_ingot":7,"minecraft:raw_iron":77,"minecraft:beef":5,"minecraft:andesite":1,"minecraft:brown_shulker_box":1,"minecraft:pointed_dripstone":3,"minecraft:raw_gold":10,"minecraft:stone_axe":1,"minecraft:diamond_leggings":1}},"DataVersion":4440}