{"stats":{"minecraft:used":{"minecraft:stone_axe":3,"minecraft:sand":1,"minecraft:stone_sword":27,"minecraft:crafting_table":4,"minecraft:birch_boat":1,"minecraft:shield":7,"minecraft:wooden_pickaxe":17,"minecraft:furnace":1,"minecraft:stone_pickaxe":42,"minecraft:bread":6,"minecraft:dirt":6,"minecraft:brown_shulker_box":1},"minecraft:crafted":{"minecraft:furnace":1,"minecraft:stone_sword":1,"minecraft:birch_boat":1,"minecraft:stick":8,"minecraft:wooden_pickaxe":1,"minecraft:iron_ingot":7,"minecraft:stone_axe":1,"minecraft:birch_planks":16,"minecraft:stone_pickaxe":1,"minecraft:air":0,"minecraft:crafting_table":1},"minecraft:killed":{"minecraft:zombie":1,"minecraft:skeleton":4,"minecraft:cow":3,"minecraft:spider":1},"minecraft:dropped":{"minecraft:wildflowers":3},"minecraft:mined":{"minecraft:wildflowers":1,"minecraft:brown_shulker_box":1,"minecraft:dirt":2,"minecraft:andesite":1,"minecraft:grass_block":4,"minecraft:moss_block":1,"minecraft:sand":1,"minecraft:furnace":1,"minecraft:deepslate_iron_ore":5,"minecraft:crafting_table":4,"minecraft:birch_log":4,"minecraft:iron_ore":31,"minecraft:stone":18},"minecraft:custom":{"minecraft:interact_with_crafting_table":5,"minecraft:damage_blocked_by_shield":660,"minecraft:time_since_rest":11980,"minecraft:walk_one_cm":28128,"minecraft:walk_under_water_one_cm":151,"minecraft:mob_kills":9,"minecraft:damage_taken":245,"minecraft:boat_one_cm":19926,"minecraft:play_time":11980,"minecraft:damage_dealt":1277,"minecraft:open_shulker_box":2,"minecraft:jump":218,"minecraft:time_since_death":11980,"minecraft:drop":2,"minecraft:interact_with_furnace":7,"minecraft:sprint_one_cm":43561,"minecraft:fall_one_cm":4829,"minecraft:total_world_time":11980,"minecraft:swim_one_cm":782,"minecraft:fly_one_cm":29661,"minecraft:walk_on_water_one_cm":4290,"minecraft:crouch_one_cm":1795,"minecraft:sneak_time":677},"minecraft:picked_up":{"minecraft:dirt":6,"minecraft:cobblestone":18,"minecraft:wildflowers":3,"minecraft:moss_block":1,"minecraft:crafting_table":4,"minecraft:arrow":2,"minecraft:bone":2,"minecraft:birch_boat":1,"minecraft:iron_ingot":1,"minecraft:beef":5,"minecraft:andesite":1,"minecraft:raw_iron":64,"minecraft:brown_shulker_box":1,"minecraft:furnace":1,"minecraft:sand":1,"minecraft:birch_log":4}},"DataVersion":4440}