{"stats":{"minecraft:used":{"minecraft:stone_axe":5,"minecraft:sand":1,"minecraft:stone_sword":81,"minecraft:shield":18,"minecraft:iron_pickaxe":23,"minecraft:wooden_pickaxe":17,"minecraft:bucket":1,"minecraft:crafting_table":5,"minecraft:birch_boat":1,"minecraft:furnace":3,"minecraft:bread":12,"minecraft:stone_pickaxe":42,"minecraft:dirt":6,"minecraft:brown_shulker_box":2},"minecraft:crafted":{"minecraft:stone_sword":1,"minecraft:bucket":1,"minecraft:furnace":1,"minecraft:birch_boat":1,"minecraft:iron_ingot":29,"minecraft:birch_planks":16,"minecraft:stone_pickaxe":1,"minecraft:iron_chestplate":1,"minecraft:iron_boots":1,"minecraft:crafting_table":1,"minecraft:stick":12,"minecraft:wooden_pickaxe":1,"minecraft:stone_axe":1,"minecraft:iron_helmet":1,"minecraft:iron_pickaxe":1,"minecraft:iron_sword":1,"minecraft:air":0,"minecraft:iron_leggings":1},"minecraft:killed":{"minecraft:zombie":3,"minecraft:skeleton":12,"minecraft:glow_squid":1,"minecraft:cow":3,"minecraft:spider":2},"minecraft:dropped":{"minecraft:totem_of_undying":2,"minecraft:wildflowers":3,"minecraft:cobblestone":2,"minecraft:chainmail_leggings":2,"minecraft:pointed_dripstone":1,"minecraft:andesite":1,"minecraft:chainmail_helmet":3,"minecraft:bone":9,"minecraft:stick":1,"minecraft:chainmail_boots":1,"minecraft:stone_pickaxe":1,"minecraft:moss_block":1,"minecraft:chainmail_chestplate":2,"minecraft:glow_ink_sac":2},"minecraft:mined":{"minecraft:wildflowers":1,"minecraft:brown_shulker_box":2,"minecraft:dirt":2,"minecraft:andesite":1,"minecraft:grass_block":4,"minecraft:moss_block":1,"minecraft:deepslate_gold_ore":7,"minecraft:sand":1,"minecraft:furnace":4,"minecraft:deepslate_lapis_ore":4,"minecraft:deepslate_diamond_ore":1,"minecraft:deepslate_iron_ore":5,"minecraft:crafting_table":6,"minecraft:birch_log":4,"minecraft:deepslate_redstone_ore":7,"minecraft:iron_ore":31,"minecraft:stone":18},"minecraft:custom":{"minecraft:time_since_rest":25099,"minecraft:leave_game":1,"minecraft:damage_taken":562,"minecraft:mob_kills":21,"minecraft:boat_one_cm":19926,"minecraft:open_shulker_box":3,"minecraft:time_since_death":25099,"minecraft:interact_with_furnace":31,"minecraft:total_world_time":25099,"minecraft:swim_one_cm":1218,"minecraft:crouch_one_cm":2456,"minecraft:damage_blocked_by_shield":1240,"minecraft:interact_with_crafting_table":16,"minecraft:walk_one_cm":64316,"minecraft:walk_under_water_one_cm":217,"minecraft:play_time":25099,"minecraft:damage_dealt":3655,"minecraft:jump":419,"minecraft:drop":21,"minecraft:sprint_one_cm":80769,"minecraft:open_chest":2,"minecraft:fall_one_cm":8505,"minecraft:fly_one_cm":53646,"minecraft:walk_on_water_one_cm":4739,"minecraft:sneak_time":955},"minecraft:picked_up":{"minecraft:chainmail_leggings":1,"minecraft:dirt":6,"minecraft:cobblestone":18,"minecraft:redstone":35,"minecraft:bone":9,"minecraft:coal":16,"minecraft:sand":1,"minecraft:furnace":3,"minecraft:birch_log":4,"minecraft:diamond":4,"minecraft:lapis_lazuli":23,"minecraft:chainmail_chestplate":2,"minecraft:glow_ink_sac":2,"minecraft:stick":3,"minecraft:totem_of_undying":2,"minecraft:chainmail_helmet":4,"minecraft:oak_planks":51,"minecraft:wildflowers":3,"minecraft:moss_block":1,"minecraft:crafting_table":5,"minecraft:arrow":15,"minecraft:birch_boat":1,"minecraft:iron_ingot":7,"minecraft:raw_iron":77,"minecraft:beef":5,"minecraft:andesite":1,"minecraft:brown_shulker_box":1,"minecraft:pointed_dripstone":1,"minecraft:raw_gold":6}},"DataVersion":4440}