{"stats":{"minecraft:used":{"minecraft:orange_shulker_box":1,"minecraft:wind_charge":1,"minecraft:bookshelf":59,"minecraft:white_shulker_box":1,"minecraft:cyan_shulker_box":2,"minecraft:enchanting_table":2,"minecraft:crossbow":8,"minecraft:gray_shulker_box":1,"minecraft:green_shulker_box":2,"minecraft:brown_shulker_box":2,"minecraft:firework_rocket":2},"minecraft:custom":{"minecraft:time_since_rest":5908,"minecraft:walk_one_cm":10230,"minecraft:leave_game":2,"minecraft:damage_dealt":40,"minecraft:play_time":62118,"minecraft:open_shulker_box":61,"minecraft:jump":79,"minecraft:time_since_death":5905,"minecraft:sprint_one_cm":10192,"minecraft:total_world_time":62118,"minecraft:fly_one_cm":183226,"minecraft:walk_on_water_one_cm":462,"minecraft:crouch_one_cm":2491,"minecraft:sneak_time":977,"minecraft:deaths":1,"minecraft:enchant_item":33},"minecraft:picked_up":{"minecraft:white_shulker_box":1,"minecraft:brown_shulker_box":2,"minecraft:cyan_shulker_box":2,"minecraft:arrow":1,"minecraft:bone":1,"minecraft:orange_shulker_box":1,"minecraft:gray_shulker_box":1,"minecraft:green_shulker_box":1}},"DataVersion":4440}