{"stats":{"minecraft:used":{"minecraft:orange_shulker_box":1,"minecraft:wind_charge":1,"minecraft:bookshelf":59,"minecraft:white_shulker_box":1,"minecraft:cyan_shulker_box":2,"minecraft:enchanting_table":2,"minecraft:zombie_spawn_egg":2,"minecraft:crossbow":8,"minecraft:green_shulker_box":3,"minecraft:gray_shulker_box":1,"minecraft:brown_shulker_box":2,"minecraft:firework_rocket":2},"minecraft:dropped":{"minecraft:cobblestone":8,"minecraft:chainmail_boots":1,"minecraft:brown_shulker_box":1,"minecraft:gray_shulker_box":2,"minecraft:wooden_axe":1,"minecraft:iron_nugget":18,"minecraft:leaf_litter":4,"minecraft:diamond_pickaxe":1,"minecraft:cyan_shulker_box":1,"minecraft:chainmail_chestplate":1,"minecraft:golden_apple":1,"minecraft:red_bed":1},"minecraft:custom":{"minecraft:time_since_rest":59908,"minecraft:walk_one_cm":15555,"minecraft:leave_game":2,"minecraft:walk_under_water_one_cm":17454,"minecraft:play_time":116118,"minecraft:damage_dealt":115,"minecraft:open_shulker_box":62,"minecraft:jump":166,"minecraft:time_since_death":59905,"minecraft:drop":15,"minecraft:sprint_one_cm":25372,"minecraft:total_world_time":116118,"minecraft:swim_one_cm":139,"minecraft:fly_one_cm":502487,"minecraft:walk_on_water_one_cm":16675,"minecraft:crouch_one_cm":3204,"minecraft:sneak_time":2311,"minecraft:deaths":1,"minecraft:enchant_item":33},"minecraft:picked_up":{"minecraft:dirt":1,"minecraft:cobblestone":8,"minecraft:rail":1,"minecraft:stone":1,"minecraft:bone":1,"minecraft:diamond_pickaxe":1,"minecraft:gray_shulker_box":1,"minecraft:leaf_litter":21,"minecraft:coal":1,"minecraft:wooden_axe":1,"minecraft:chainmail_chestplate":1,"minecraft:golden_apple":1,"minecraft:glow_ink_sac":5,"minecraft:egg":2,"minecraft:white_shulker_box":1,"minecraft:birch_sapling":2,"minecraft:stick":2,"minecraft:cherry_sapling":1,"minecraft:arrow":1,"minecraft:oak_sapling":3,"minecraft:orange_shulker_box":1,"minecraft:kelp":8,"minecraft:rotten_flesh":52,"minecraft:brown_shulker_box":2,"minecraft:chainmail_boots":1,"minecraft:iron_nugget":18,"minecraft:cyan_shulker_box":2,"minecraft:gunpowder":1,"minecraft:green_shulker_box":2,"minecraft:pink_petals":4}},"DataVersion":4440}