{"stats":{"minecraft:picked_up":{"minecraft:tropical_fish":2,"minecraft:poisonous_potato":1,"minecraft:pale_oak_log":38,"minecraft:cobblestone":1265,"minecraft:flint":7,"minecraft:sugar_cane":24,"minecraft:redstone":8,"minecraft:bone":28,"minecraft:diamond_shovel":2,"minecraft:clay_ball":4,"minecraft:melon_slice":81,"minecraft:diamond":38,"minecraft:granite":6,"minecraft:bow":2,"minecraft:arrow":13,"minecraft:iron_ingot":60,"minecraft:raw_gold":43,"minecraft:stone_sword":1,"minecraft:golden_leggings":1,"minecraft:dandelion":13,"minecraft:deepslate_bricks":1,"minecraft:mutton":5,"minecraft:diamond_leggings":1,"minecraft:iron_chestplate":3,"minecraft:dirt":1994,"minecraft:respawn_anchor":1,"minecraft:diamond_helmet":2,"minecraft:azure_bluet":1,"minecraft:torch":43,"minecraft:diamond_pickaxe":2,"minecraft:cobblestone_stairs":4,"minecraft:spruce_log":1,"minecraft:iron_boots":4,"minecraft:oxeye_daisy":3,"minecraft:coal":287,"minecraft:oak_log":212,"minecraft:furnace":7,"minecraft:wheat_seeds":88,"minecraft:splash_potion":4876,"minecraft:iron_pickaxe":1,"minecraft:egg":1,"minecraft:iron_leggings":2,"minecraft:diamond_sword":2,"minecraft:birch_sapling":1,"minecraft:poppy":10,"minecraft:cooked_beef":5,"minecraft:white_wool":5,"minecraft:feather":4,"minecraft:andesite":4,"minecraft:lily_of_the_valley":1,"minecraft:oak_sign":1,"minecraft:ender_pearl":1283,"minecraft:string":3,"minecraft:raw_iron_block":1,"minecraft:ladder":33,"minecraft:cornflower":1,"minecraft:iron_helmet":3,"minecraft:diamond_axe":1,"minecraft:carrot":41,"minecraft:white_bed":2,"minecraft:leather":18,"minecraft:netherite_boots":1,"minecraft:water_bucket":4,"minecraft:stone_pickaxe":1,"minecraft:glow_ink_sac":11,"minecraft:oak_leaves":28,"minecraft:golden_apple":62,"minecraft:porkchop":15,"minecraft:stick":165,"minecraft:polished_tuff":1,"minecraft:bamboo":1526,"minecraft:chicken":5,"minecraft:red_terracotta":1,"minecraft:diamond_boots":1,"minecraft:cooked_salmon":128,"minecraft:iron_axe":2,"minecraft:cooked_chicken":64,"minecraft:raw_iron":154,"minecraft:cobbled_deepslate":1348,"minecraft:diamond_chestplate":2,"minecraft:shulker_box":1,"minecraft:pointed_dripstone":1,"minecraft:lapis_block":64,"minecraft:stone_axe":1,"minecraft:amethyst_block":6,"minecraft:netherite_leggings":1,"minecraft:wheat":11,"minecraft:tuff_bricks":1,"minecraft:gunpowder":3,"minecraft:pumpkin_pie":55,"minecraft:chest":7,"minecraft:netherite_helmet":2,"minecraft:pale_moss_carpet":14,"minecraft:netherrack":1,"minecraft:red_wool":3,"minecraft:gravel":121,"minecraft:light_gray_wool":1,"minecraft:jungle_planks":20,"minecraft:tuff":226,"minecraft:polished_deepslate":6,"minecraft:leaf_litter":57,"minecraft:phantom_membrane":1,"minecraft:potato":35,"minecraft:birch_log":1,"minecraft:shield":2,"minecraft:lapis_lazuli":306,"minecraft:spider_eye":3,"minecraft:jungle_log":18,"minecraft:spruce_stairs":1,"minecraft:bone_meal":6,"minecraft:diorite":11,"minecraft:black_shulker_box":2,"minecraft:pale_moss_block":61,"minecraft:oak_planks":15,"minecraft:brown_egg":1,"minecraft:crafting_table":8,"minecraft:netherite_chestplate":1,"minecraft:oak_sapling":94,"minecraft:beef":25,"minecraft:rotten_flesh":27,"minecraft:fermented_spider_eye":6,"minecraft:apple":9,"minecraft:oak_slab":13,"minecraft:paper":63},"minecraft:mined":{"minecraft:torch":5,"minecraft:sculk":3,"minecraft:vine":11,"minecraft:chest":7,"minecraft:oak_slab":5,"minecraft:carrots":12,"minecraft:gravel":56,"minecraft:short_grass":137,"minecraft:dirt_path":118,"minecraft:crafting_table":7,"minecraft:pale_hanging_moss":4,"minecraft:birch_log":1,"minecraft:deepslate_redstone_ore":1,"minecraft:leaf_litter":14,"minecraft:oxeye_daisy":1,"minecraft:jungle_log":15,"minecraft:farmland":8,"minecraft:melon":8,"minecraft:pale_moss_carpet":3,"minecraft:birch_leaves":1,"minecraft:jungle_planks":1,"minecraft:deepslate_gold_ore":3,"minecraft:bamboo":119,"minecraft:wall_torch":15,"minecraft:fern":11,"minecraft:deepslate_diamond_ore":12,"minecraft:deepslate_lapis_ore":4,"minecraft:deepslate_iron_ore":49,"minecraft:potatoes":9,"minecraft:oak_sapling":3,"minecraft:azure_bluet":1,"minecraft:iron_ore":30,"minecraft:stone":58,"minecraft:pale_moss_block":65,"minecraft:bush":2,"minecraft:podzol":4,"minecraft:dandelion":2,"minecraft:coal_ore":70,"minecraft:sculk_sensor":3,"minecraft:wheat":27,"minecraft:oak_planks":12,"minecraft:cobblestone":7,"minecraft:sugar_cane":14,"minecraft:white_bed":2,"minecraft:oak_leaves":1186,"minecraft:furnace":6,"minecraft:polished_deepslate":1,"minecraft:rose_bush":1,"minecraft:tall_grass":46,"minecraft:dirt":940,"minecraft:grass_block":929,"minecraft:cobbled_deepslate":12,"minecraft:tuff":126,"minecraft:ladder":2,"minecraft:pale_oak_log":11,"minecraft:pale_oak_leaves":41,"minecraft:deepslate":882,"minecraft:oak_log":194},"minecraft:crafted":{"minecraft:stone_sword":1,"minecraft:diamond_boots":1,"minecraft:wooden_sword":1,"minecraft:gold_ingot":15,"minecraft:potion":5,"minecraft:stick":303,"minecraft:cooked_porkchop":20,"minecraft:diamond_axe":1,"minecraft:diamond_pickaxe":1,"minecraft:chest":8,"minecraft:light_gray_dye":2,"minecraft:air":0,"minecraft:bucket":3,"minecraft:bone_meal":12,"minecraft:jungle_planks":68,"minecraft:ladder":72,"minecraft:diamond_shovel":1,"minecraft:iron_hoe":4,"minecraft:lapis_lazuli":128,"minecraft:oak_planks":240,"minecraft:iron_shovel":1,"minecraft:iron_sword":1,"minecraft:shears":1,"minecraft:yellow_dye":1,"minecraft:cooked_chicken":6,"minecraft:birch_planks":4,"minecraft:stone_pickaxe":2,"minecraft:cooked_mutton":25,"minecraft:cooked_beef":14,"minecraft:oak_door":3,"minecraft:yellow_bed":1,"minecraft:oak_slab":12,"minecraft:diamond_chestplate":1,"minecraft:diamond_sword":1,"minecraft:raw_iron":18,"minecraft:furnace":4,"minecraft:iron_ingot":105,"minecraft:diamond_hoe":1,"minecraft:diamond_helmet":1,"minecraft:crafting_table":4,"minecraft:diamond_leggings":1,"minecraft:torch":96,"minecraft:white_bed":1,"minecraft:baked_potato":3,"minecraft:shield":1,"minecraft:stone_axe":1,"minecraft:iron_pickaxe":3,"minecraft:iron_axe":1,"minecraft:iron_leggings":1,"minecraft:golden_apple":4},"minecraft:broken":{"minecraft:iron_hoe":4,"minecraft:iron_pickaxe":3,"minecraft:iron_sword":1},"minecraft:dropped":{"minecraft:birch_button":64,"minecraft:andesite":4,"minecraft:mangrove_fence":64,"minecraft:wooden_sword":1,"minecraft:tropical_fish":2,"minecraft:gravel":63,"minecraft:bone":11,"minecraft:glass":129,"minecraft:dark_oak_wood":64,"minecraft:tuff_bricks":64,"minecraft:raw_gold":21,"minecraft:crimson_fence":128,"minecraft:mossy_cobblestone_stairs":64,"minecraft:oak_sapling":2,"minecraft:cooked_chicken":64,"minecraft:grass_block":1,"minecraft:spruce_pressure_plate":64,"minecraft:iron_leggings":2,"minecraft:smooth_red_sandstone":64,"minecraft:arrow":7,"minecraft:chiseled_stone_bricks":128,"minecraft:gunpowder":2,"minecraft:prismarine_slab":64,"minecraft:stone_axe":2,"minecraft:bamboo_mosaic_stairs":128,"minecraft:iron_pickaxe":3,"minecraft:warped_door":64,"minecraft:diorite":11,"minecraft:pale_moss_carpet":7,"minecraft:rotten_flesh":9,"minecraft:stripped_oak_wood":896,"minecraft:iron_helmet":2,"minecraft:chiseled_red_sandstone":128,"minecraft:iron_chestplate":2,"minecraft:red_sandstone_slab":64,"minecraft:bow":1,"minecraft:dirt":339,"minecraft:stone":1,"minecraft:tuff_wall":64,"minecraft:smooth_stone":64,"minecraft:crimson_planks":64,"minecraft:oak_fence":64,"minecraft:ender_pearl":472,"minecraft:coal":15,"minecraft:bookshelf":1,"minecraft:apple":2,"minecraft:bamboo":141,"minecraft:cooked_beef":1,"minecraft:raw_iron":60,"minecraft:crafting_table":2,"minecraft:black_shulker_box":1,"minecraft:jungle_planks":136,"minecraft:polished_deepslate":2,"minecraft:lapis_lazuli":243,"minecraft:fermented_spider_eye":27,"minecraft:pale_oak_slab":64,"minecraft:lapis_block":64,"minecraft:netherrack":64,"minecraft:granite_wall":64,"minecraft:cut_copper_slab":64,"minecraft:glow_ink_sac":9,"minecraft:iron_axe":2,"minecraft:diamond_shovel":1,"minecraft:iron_shovel":1,"minecraft:sandstone_slab":64,"minecraft:oak_planks":422,"minecraft:porkchop":11,"minecraft:nether_brick_slab":64,"minecraft:cracked_deepslate_tiles":64,"minecraft:cobbled_deepslate":204,"minecraft:spruce_fence_gate":64,"minecraft:wheat_seeds":11,"minecraft:iron_ingot":8,"minecraft:paper":63,"minecraft:spawner":1,"minecraft:stone_pickaxe":1,"minecraft:trident":1,"minecraft:spruce_slab":64,"minecraft:birch_fence_gate":64,"minecraft:polished_tuff":1,"minecraft:oak_log":1171,"minecraft:diamond_pickaxe":2,"minecraft:string":3,"minecraft:deepslate_tile_stairs":128,"minecraft:clay_ball":4,"minecraft:stick":25,"minecraft:bamboo_button":64,"minecraft:crimson_door":64,"minecraft:spider_eye":1,"minecraft:bamboo_stairs":64,"minecraft:iron_boots":3,"minecraft:stripped_dark_oak_log":384,"minecraft:oak_wood":1088,"minecraft:oak_door":64,"minecraft:ladder":1,"minecraft:mossy_stone_brick_stairs":192,"minecraft:oak_button":64,"minecraft:totem_of_undying":1,"minecraft:cobblestone":51,"minecraft:pointed_dripstone":4,"minecraft:prismarine_stairs":64,"minecraft:jungle_log":1,"minecraft:red_sandstone":64,"minecraft:cobblestone_stairs":64,"minecraft:diamond_axe":1,"minecraft:diamond_helmet":2,"minecraft:leather":7,"minecraft:iron_hoe":2,"minecraft:diamond_boots":1,"minecraft:diamond_chestplate":2,"minecraft:diamond_leggings":1,"minecraft:stripped_birch_log":128,"minecraft:granite":6,"minecraft:red_sandstone_wall":64,"minecraft:diamond":4,"minecraft:feather":2,"minecraft:respawn_anchor":1,"minecraft:pumpkin_pie":161,"minecraft:crimson_stem":64,"minecraft:water_bucket":2,"minecraft:leaf_litter":21,"minecraft:pale_oak_log":19,"minecraft:oak_stairs":640,"minecraft:beef":5,"minecraft:diamond_sword":1,"minecraft:flint":3,"minecraft:iron_sword":1,"minecraft:golden_leggings":3,"minecraft:jungle_door":64,"minecraft:crimson_fence_gate":64,"minecraft:spruce_door":64,"minecraft:oak_trapdoor":64,"minecraft:smooth_red_sandstone_stairs":64,"minecraft:stripped_oak_log":704,"minecraft:deepslate_tile_slab":256},"minecraft:killed":{"minecraft:skeleton":13,"minecraft:phantom":2,"minecraft:iron_golem":17,"minecraft:pig":2,"minecraft:witch":1,"minecraft:villager":3,"minecraft:vindicator":1,"minecraft:bat":1,"minecraft:spider":3,"minecraft:shulker":3,"minecraft:zombie":15,"minecraft:warden":1,"minecraft:creeper":6,"minecraft:chicken":6,"minecraft:enderman":1548,"minecraft:sheep":3,"minecraft:cow":16},"minecraft:used":{"minecraft:iron_axe":82,"minecraft:diamond_hoe":9,"minecraft:end_stone":8,"minecraft:cactus":3,"minecraft:iron_block":21,"minecraft:netherite_axe":83,"minecraft:diamond_sword":201,"minecraft:potato":16,"minecraft:wheat_seeds":81,"minecraft:vindicator_spawn_egg":1,"minecraft:mycelium":23,"minecraft:wooden_axe":6,"minecraft:glass":381,"minecraft:jungle_planks":23,"minecraft:oak_sign":105,"minecraft:cooked_porkchop":7,"minecraft:iron_shovel":155,"minecraft:damaged_anvil":1,"minecraft:wither_skeleton_spawn_egg":3,"minecraft:oak_log":29,"minecraft:sea_lantern":32,"minecraft:villager_spawn_egg":8,"minecraft:diamond_axe":387,"minecraft:cow_spawn_egg":2,"minecraft:pumpkin_pie":11,"minecraft:stone_pickaxe":164,"minecraft:bow":56,"minecraft:oak_door":2,"minecraft:cobbled_deepslate":29,"minecraft:netherrack":12,"minecraft:yellow_bed":1,"minecraft:mossy_cobblestone":31,"minecraft:diamond_shovel":75,"minecraft:fire_charge":8,"minecraft:rotten_flesh":5,"minecraft:bone_meal":18,"minecraft:item_frame":1,"minecraft:spawner":41,"minecraft:anvil":2,"minecraft:dirt":454,"minecraft:sand":27,"minecraft:mooshroom_spawn_egg":3,"minecraft:wind_charge":84,"minecraft:oak_leaves":17,"minecraft:diamond_ore":4,"minecraft:dispenser":32,"minecraft:witch_spawn_egg":1,"minecraft:red_mushroom_block":72,"minecraft:shears":28,"minecraft:nether_brick_fence":14,"minecraft:bucket":66,"minecraft:oak_planks":54,"minecraft:oak_sapling":58,"minecraft:brown_egg":1,"minecraft:sugar_cane":6,"minecraft:iron_door":2,"minecraft:bedrock":47,"minecraft:stone_axe":35,"minecraft:oak_fence":21,"minecraft:oak_trapdoor":10,"minecraft:grass_block":193,"minecraft:nether_bricks":83,"minecraft:string":3,"minecraft:netherite_sword":236,"minecraft:shield":50,"minecraft:chain_command_block":14,"minecraft:blaze_spawn_egg":1,"minecraft:iron_pickaxe":752,"minecraft:spruce_stairs":1,"minecraft:deepslate":1,"minecraft:polished_deepslate":4,"minecraft:creeper_spawn_egg":3,"minecraft:iron_sword":235,"minecraft:deepslate_bricks":15,"minecraft:husk_spawn_egg":4,"minecraft:diamond_pickaxe":369,"minecraft:cooked_mutton":9,"minecraft:bookshelf":24,"minecraft:wooden_sword":7,"minecraft:ladder":35,"minecraft:stone_bricks":8,"minecraft:command_block":7,"minecraft:crossbow":64,"minecraft:magma_block":1,"minecraft:tuff":57,"minecraft:stone_sword":73,"minecraft:lava_bucket":120,"minecraft:warden_spawn_egg":1,"minecraft:oak_slab":63,"minecraft:poisonous_potato":1,"minecraft:evoker_spawn_egg":2,"minecraft:mace":12,"minecraft:cobblestone":108,"minecraft:stone":277,"minecraft:golden_apple":6,"minecraft:carrot":43,"minecraft:crafting_table":13,"minecraft:oak_pressure_plate":5,"minecraft:potion":1,"minecraft:salmon_spawn_egg":3,"minecraft:oak_fence_gate":22,"minecraft:white_bed":1,"minecraft:baked_potato":3,"minecraft:trident":51,"minecraft:pig_spawn_egg":1,"minecraft:melon_slice":14,"minecraft:warped_fence_gate":9,"minecraft:spruce_log":1,"minecraft:iron_hoe":1320,"minecraft:water_bucket":245,"minecraft:slime_block":18,"minecraft:soul_sand":13,"minecraft:repeating_command_block":1,"minecraft:iron_golem_spawn_egg":13,"minecraft:golden_sword":31,"minecraft:drowned_spawn_egg":2,"minecraft:furnace":9,"minecraft:torch":170,"minecraft:netherite_hoe":118,"minecraft:wooden_hoe":368,"minecraft:cobblestone_stairs":2,"minecraft:golden_axe":24,"minecraft:oak_button":1,"minecraft:chicken_spawn_egg":10,"minecraft:tripwire_hook":6,"minecraft:gravel":4,"minecraft:nether_brick_stairs":3,"minecraft:jungle_leaves":1,"minecraft:nether_brick_wall":8,"minecraft:cooked_chicken":12,"minecraft:cooked_beef":10,"minecraft:amethyst_block":2,"minecraft:chest":59,"minecraft:carved_pumpkin":10,"minecraft:slime_spawn_egg":2,"minecraft:zombie_spawn_egg":2,"minecraft:sandstone":3,"minecraft:ender_pearl":37,"minecraft:golden_shovel":1853,"minecraft:black_shulker_box":1},"minecraft:custom":{"minecraft:time_since_rest":57890,"minecraft:talked_to_villager":1,"minecraft:leave_game":27,"minecraft:damage_taken":14738,"minecraft:mob_kills":1644,"minecraft:damage_absorbed":203,"minecraft:open_shulker_box":19,"minecraft:time_since_death":57889,"minecraft:damage_dealt_absorbed":84,"minecraft:open_enderchest":3,"minecraft:interact_with_furnace":126,"minecraft:sleep_in_bed":1,"minecraft:inspect_dispenser":9,"minecraft:swim_one_cm":20036,"minecraft:total_world_time":1146133,"minecraft:crouch_one_cm":109705,"minecraft:climb_one_cm":70605,"minecraft:deaths":16,"minecraft:player_kills":40,"minecraft:enchant_item":9,"minecraft:damage_blocked_by_shield":3406,"minecraft:damage_resisted":2272,"minecraft:interact_with_crafting_table":107,"minecraft:walk_one_cm":1105684,"minecraft:walk_under_water_one_cm":82711,"minecraft:damage_dealt":47058,"minecraft:play_time":1146133,"minecraft:jump":8647,"minecraft:drop":372,"minecraft:sprint_one_cm":1265903,"minecraft:open_chest":238,"minecraft:fall_one_cm":307766,"minecraft:fly_one_cm":3747712,"minecraft:interact_with_anvil":2,"minecraft:walk_on_water_one_cm":36314,"minecraft:sneak_time":47719},"minecraft:killed_by":{"minecraft:player":4,"minecraft:zombie":1}},"DataVersion":4440}