{"stats":{"minecraft:used":{"minecraft:orange_shulker_box":1,"minecraft:wind_charge":1,"minecraft:bookshelf":59,"minecraft:white_shulker_box":1,"minecraft:cyan_shulker_box":2,"minecraft:enchanting_table":2,"minecraft:crossbow":8,"minecraft:gray_shulker_box":1,"minecraft:green_shulker_box":3,"minecraft:brown_shulker_box":2,"minecraft:firework_rocket":2},"minecraft:dropped":{"minecraft:gray_shulker_box":1,"minecraft:cyan_shulker_box":1},"minecraft:custom":{"minecraft:time_since_rest":17908,"minecraft:walk_one_cm":10456,"minecraft:leave_game":2,"minecraft:walk_under_water_one_cm":8630,"minecraft:damage_dealt":50,"minecraft:play_time":74118,"minecraft:open_shulker_box":62,"minecraft:jump":88,"minecraft:time_since_death":17905,"minecraft:drop":2,"minecraft:sprint_one_cm":11313,"minecraft:total_world_time":74118,"minecraft:fly_one_cm":245551,"minecraft:walk_on_water_one_cm":3573,"minecraft:crouch_one_cm":2659,"minecraft:sneak_time":1205,"minecraft:deaths":1,"minecraft:enchant_item":33},"minecraft:picked_up":{"minecraft:white_shulker_box":1,"minecraft:brown_shulker_box":2,"minecraft:birch_sapling":1,"minecraft:cyan_shulker_box":2,"minecraft:arrow":1,"minecraft:bone":1,"minecraft:orange_shulker_box":1,"minecraft:gray_shulker_box":1,"minecraft:green_shulker_box":2}},"DataVersion":4440}