{"stats":{"minecraft:used":{"minecraft:wind_charge":1,"minecraft:bookshelf":59,"minecraft:cyan_shulker_box":1,"minecraft:enchanting_table":2,"minecraft:gray_shulker_box":1,"minecraft:brown_shulker_box":1},"minecraft:custom":{"minecraft:time_since_rest":24837,"minecraft:walk_one_cm":3809,"minecraft:leave_game":1,"minecraft:play_time":24837,"minecraft:open_shulker_box":24,"minecraft:jump":26,"minecraft:time_since_death":24837,"minecraft:sprint_one_cm":3258,"minecraft:total_world_time":24837,"minecraft:fly_one_cm":108168,"minecraft:walk_on_water_one_cm":462,"minecraft:crouch_one_cm":1753,"minecraft:sneak_time":634,"minecraft:enchant_item":13},"minecraft:picked_up":{"minecraft:brown_shulker_box":1,"minecraft:cyan_shulker_box":1,"minecraft:gray_shulker_box":1}},"DataVersion":4440}