{"stats":{"minecraft:used":{"minecraft:orange_shulker_box":1,"minecraft:wind_charge":1,"minecraft:bookshelf":59,"minecraft:white_shulker_box":1,"minecraft:cyan_shulker_box":2,"minecraft:enchanting_table":2,"minecraft:crossbow":8,"minecraft:gray_shulker_box":1,"minecraft:green_shulker_box":1,"minecraft:brown_shulker_box":2,"minecraft:firework_rocket":2},"minecraft:custom":{"minecraft:time_since_rest":42837,"minecraft:walk_one_cm":8953,"minecraft:leave_game":1,"minecraft:play_time":42837,"minecraft:open_shulker_box":59,"minecraft:jump":62,"minecraft:time_since_death":42837,"minecraft:sprint_one_cm":8448,"minecraft:total_world_time":42837,"minecraft:fly_one_cm":139299,"minecraft:walk_on_water_one_cm":462,"minecraft:crouch_one_cm":1812,"minecraft:sneak_time":731,"minecraft:enchant_item":33},"minecraft:picked_up":{"minecraft:brown_shulker_box":2,"minecraft:cyan_shulker_box":2,"minecraft:orange_shulker_box":1,"minecraft:gray_shulker_box":1,"minecraft:green_shulker_box":1}},"DataVersion":4440}