{"stats":{"minecraft:used":{"minecraft:orange_shulker_box":1,"minecraft:wind_charge":1,"minecraft:bookshelf":59,"minecraft:white_shulker_box":1,"minecraft:cyan_shulker_box":2,"minecraft:enchanting_table":2,"minecraft:zombie_spawn_egg":2,"minecraft:crossbow":8,"minecraft:gray_shulker_box":1,"minecraft:green_shulker_box":3,"minecraft:brown_shulker_box":2,"minecraft:firework_rocket":2},"minecraft:dropped":{"minecraft:brown_shulker_box":1,"minecraft:gray_shulker_box":2,"minecraft:cyan_shulker_box":1},"minecraft:custom":{"minecraft:time_since_rest":29908,"minecraft:walk_one_cm":11224,"minecraft:leave_game":2,"minecraft:walk_under_water_one_cm":8630,"minecraft:damage_dealt":80,"minecraft:play_time":86118,"minecraft:open_shulker_box":62,"minecraft:jump":102,"minecraft:time_since_death":29905,"minecraft:drop":4,"minecraft:sprint_one_cm":13628,"minecraft:total_world_time":86118,"minecraft:fly_one_cm":360417,"minecraft:walk_on_water_one_cm":4018,"minecraft:crouch_one_cm":2867,"minecraft:sneak_time":1580,"minecraft:deaths":1,"minecraft:enchant_item":33},"minecraft:picked_up":{"minecraft:white_shulker_box":1,"minecraft:brown_shulker_box":2,"minecraft:birch_sapling":1,"minecraft:stick":2,"minecraft:cyan_shulker_box":2,"minecraft:arrow":1,"minecraft:bone":1,"minecraft:orange_shulker_box":1,"minecraft:gray_shulker_box":1,"minecraft:green_shulker_box":2}},"DataVersion":4440}