{"stats":{"minecraft:used":{"minecraft:bookshelf":31,"minecraft:enchanting_table":1,"minecraft:gray_shulker_box":1},"minecraft:custom":{"minecraft:time_since_rest":12837,"minecraft:walk_one_cm":2551,"minecraft:leave_game":1,"minecraft:play_time":12837,"minecraft:open_shulker_box":7,"minecraft:jump":20,"minecraft:time_since_death":12837,"minecraft:sprint_one_cm":2855,"minecraft:total_world_time":12837,"minecraft:fly_one_cm":54785,"minecraft:crouch_one_cm":1067,"minecraft:sneak_time":395,"minecraft:enchant_item":9},"minecraft:picked_up":{"minecraft:gray_shulker_box":1}},"DataVersion":4440}