{"stats":{"minecraft:used":{"minecraft:orange_shulker_box":1,"minecraft:wind_charge":1,"minecraft:bookshelf":59,"minecraft:white_shulker_box":1,"minecraft:cyan_shulker_box":2,"minecraft:enchanting_table":2,"minecraft:crossbow":8,"minecraft:gray_shulker_box":1,"minecraft:green_shulker_box":1,"minecraft:brown_shulker_box":2,"minecraft:firework_rocket":2},"minecraft:custom":{"minecraft:time_since_rest":54837,"minecraft:walk_one_cm":9277,"minecraft:leave_game":1,"minecraft:play_time":54837,"minecraft:open_shulker_box":60,"minecraft:jump":66,"minecraft:time_since_death":54837,"minecraft:sprint_one_cm":8505,"minecraft:total_world_time":54837,"minecraft:fly_one_cm":146375,"minecraft:walk_on_water_one_cm":462,"minecraft:crouch_one_cm":2466,"minecraft:sneak_time":895,"minecraft:enchant_item":33},"minecraft:picked_up":{"minecraft:white_shulker_box":1,"minecraft:brown_shulker_box":2,"minecraft:cyan_shulker_box":2,"minecraft:orange_shulker_box":1,"minecraft:gray_shulker_box":1,"minecraft:green_shulker_box":1}},"DataVersion":4440}