{"stats":{"minecraft:used":{"minecraft:stone_axe":1,"minecraft:wooden_axe":8,"minecraft:red_bed":1,"minecraft:wind_charge":5,"minecraft:crafting_table":1,"minecraft:wooden_sword":5,"minecraft:wooden_pickaxe":26,"minecraft:stone_pickaxe":2,"minecraft:dirt":1,"minecraft:brown_shulker_box":2,"minecraft:cobblestone":5},"minecraft:killed":{"minecraft:drowned":1},"minecraft:crafted":{"minecraft:stick":4,"minecraft:stone_axe":1,"minecraft:oak_planks":24,"minecraft:stone_pickaxe":1,"minecraft:crafting_table":1},"minecraft:dropped":{"minecraft:leaf_litter":10},"minecraft:mined":{"minecraft:short_grass":1,"minecraft:brown_shulker_box":2,"minecraft:red_bed":1,"minecraft:oak_leaves":1,"minecraft:dirt":2,"minecraft:crafting_table":1,"minecraft:oak_log":6,"minecraft:grass_block":1,"minecraft:coal_ore":2,"minecraft:copper_ore":2,"minecraft:stone":19},"minecraft:custom":{"minecraft:interact_with_crafting_table":1,"minecraft:time_since_rest":11592,"minecraft:walk_one_cm":16429,"minecraft:leave_game":2,"minecraft:walk_under_water_one_cm":800,"minecraft:mob_kills":1,"minecraft:damage_taken":50,"minecraft:play_time":20259,"minecraft:damage_dealt":222,"minecraft:open_shulker_box":2,"minecraft:jump":162,"minecraft:time_since_death":20259,"minecraft:drop":1,"minecraft:sprint_one_cm":11553,"minecraft:sleep_in_bed":1,"minecraft:fall_one_cm":6982,"minecraft:total_world_time":20259,"minecraft:swim_one_cm":4182,"minecraft:fly_one_cm":27297,"minecraft:walk_on_water_one_cm":7151,"minecraft:crouch_one_cm":1159,"minecraft:sneak_time":383},"minecraft:picked_up":{"minecraft:brown_shulker_box":2,"minecraft:leaf_litter":10,"minecraft:coal":2,"minecraft:red_bed":2,"minecraft:dirt":25,"minecraft:oak_log":6,"minecraft:stick":2,"minecraft:cobblestone":19,"minecraft:crafting_table":1,"minecraft:raw_copper":6,"minecraft:oak_sapling":3}},"DataVersion":4440}