{"stats":{"minecraft:used":{"minecraft:wooden_axe":1,"minecraft:wind_charge":4,"minecraft:red_bed":1,"minecraft:wooden_sword":5,"minecraft:wooden_pickaxe":26,"minecraft:dirt":1,"minecraft:brown_shulker_box":2,"minecraft:cobblestone":3},"minecraft:killed":{"minecraft:drowned":1},"minecraft:dropped":{"minecraft:leaf_litter":10},"minecraft:mined":{"minecraft:short_grass":1,"minecraft:brown_shulker_box":2,"minecraft:red_bed":1,"minecraft:dirt":2,"minecraft:grass_block":1,"minecraft:coal_ore":2,"minecraft:stone":19},"minecraft:custom":{"minecraft:time_since_rest":5592,"minecraft:walk_one_cm":14589,"minecraft:leave_game":2,"minecraft:mob_kills":1,"minecraft:walk_under_water_one_cm":652,"minecraft:damage_taken":50,"minecraft:damage_dealt":222,"minecraft:play_time":14259,"minecraft:open_shulker_box":2,"minecraft:jump":147,"minecraft:time_since_death":14259,"minecraft:drop":1,"minecraft:sprint_one_cm":10619,"minecraft:sleep_in_bed":1,"minecraft:fall_one_cm":6729,"minecraft:swim_one_cm":2812,"minecraft:total_world_time":14259,"minecraft:fly_one_cm":26862,"minecraft:walk_on_water_one_cm":2613,"minecraft:crouch_one_cm":1159,"minecraft:sneak_time":383},"minecraft:picked_up":{"minecraft:brown_shulker_box":2,"minecraft:leaf_litter":10,"minecraft:red_bed":2,"minecraft:dirt":25,"minecraft:coal":2,"minecraft:cobblestone":19,"minecraft:oak_sapling":2}},"DataVersion":4440}