{"stats":{"minecraft:used":{"minecraft:diamond_axe":11,"minecraft:diamond_pickaxe":2,"minecraft:crafting_table":1,"minecraft:shield":7,"minecraft:pumpkin_pie":3,"minecraft:porkchop":3,"minecraft:diamond_sword":13,"minecraft:gray_shulker_box":1,"minecraft:diamond_shovel":45,"minecraft:dirt":21,"minecraft:oak_boat":3},"minecraft:crafted":{"minecraft:oak_boat":1,"minecraft:oak_planks":32,"minecraft:crafting_table":1},"minecraft:killed":{"minecraft:skeleton":1,"minecraft:chicken":1,"minecraft:pig":2,"minecraft:cow":1},"minecraft:dropped":{"minecraft:oak_leaves":1},"minecraft:mined":{"minecraft:short_grass":1,"minecraft:tall_grass":1,"minecraft:oak_leaves":1,"minecraft:tall_seagrass":2,"minecraft:seagrass":1,"minecraft:dirt":23,"minecraft:crafting_table":1,"minecraft:oak_log":8,"minecraft:grass_block":22,"minecraft:green_shulker_box":1,"minecraft:gray_shulker_box":1},"minecraft:custom":{"minecraft:interact_with_crafting_table":1,"minecraft:damage_blocked_by_shield":470,"minecraft:time_since_rest":16903,"minecraft:walk_one_cm":35446,"minecraft:leave_game":1,"minecraft:walk_under_water_one_cm":1016,"minecraft:mob_kills":5,"minecraft:damage_taken":160,"minecraft:boat_one_cm":105985,"minecraft:play_time":16903,"minecraft:damage_dealt":622,"minecraft:open_shulker_box":3,"minecraft:jump":313,"minecraft:time_since_death":16903,"minecraft:drop":1,"minecraft:sprint_one_cm":47697,"minecraft:fall_one_cm":9943,"minecraft:total_world_time":16903,"minecraft:swim_one_cm":5073,"minecraft:fly_one_cm":44482,"minecraft:walk_on_water_one_cm":5795,"minecraft:crouch_one_cm":699,"minecraft:sneak_time":316},"minecraft:picked_up":{"minecraft:porkchop":3,"minecraft:dirt":37,"minecraft:oak_log":8,"minecraft:oak_boat":3,"minecraft:leather":1,"minecraft:crafting_table":1,"minecraft:green_shulker_box":1,"minecraft:gray_shulker_box":1,"minecraft:oak_leaves":1,"minecraft:beef":1}},"DataVersion":4440}