{"stats":{"minecraft:used":{"minecraft:leaf_litter":4,"minecraft:shield":18,"minecraft:diamond_sword":41,"minecraft:diamond_shovel":54,"minecraft:oak_boat":11,"minecraft:golden_apple":2,"minecraft:diamond_axe":13,"minecraft:diamond_pickaxe":4,"minecraft:crafting_table":1,"minecraft:pumpkin_pie":10,"minecraft:potion":1,"minecraft:oak_planks":19,"minecraft:porkchop":3,"minecraft:oak_sapling":1,"minecraft:gray_shulker_box":2,"minecraft:dirt":45},"minecraft:crafted":{"minecraft:oak_boat":1,"minecraft:oak_planks":32,"minecraft:crafting_table":1},"minecraft:killed":{"minecraft:zombie":1,"minecraft:skeleton":1,"minecraft:chicken":1,"minecraft:pig":2,"minecraft:cow":1,"minecraft:vex":1,"minecraft:vindicator":4},"minecraft:dropped":{"minecraft:oak_leaves":1},"minecraft:mined":{"minecraft:tall_grass":1,"minecraft:tall_seagrass":2,"minecraft:dirt":28,"minecraft:grass_block":26,"minecraft:sugar_cane":3,"minecraft:sunflower":1,"minecraft:short_grass":2,"minecraft:oak_leaves":2,"minecraft:red_carpet":1,"minecraft:seagrass":1,"minecraft:crafting_table":1,"minecraft:oak_log":8,"minecraft:green_shulker_box":1,"minecraft:dark_oak_planks":2,"minecraft:stone":1,"minecraft:gray_shulker_box":2},"minecraft:custom":{"minecraft:time_since_rest":40903,"minecraft:leave_game":1,"minecraft:mob_kills":11,"minecraft:damage_taken":653,"minecraft:boat_one_cm":422792,"minecraft:open_shulker_box":4,"minecraft:damage_absorbed":80,"minecraft:time_since_death":40903,"minecraft:total_world_time":40903,"minecraft:swim_one_cm":6849,"minecraft:crouch_one_cm":1898,"minecraft:damage_resisted":671,"minecraft:interact_with_crafting_table":1,"minecraft:damage_blocked_by_shield":1896,"minecraft:walk_one_cm":79569,"minecraft:walk_under_water_one_cm":2566,"minecraft:play_time":40903,"minecraft:damage_dealt":2295,"minecraft:jump":847,"minecraft:drop":1,"minecraft:sprint_one_cm":89354,"minecraft:open_chest":1,"minecraft:fall_one_cm":24479,"minecraft:fly_one_cm":122969,"minecraft:walk_on_water_one_cm":10323,"minecraft:sneak_time":902},"minecraft:picked_up":{"minecraft:porkchop":3,"minecraft:dirt":45,"minecraft:oak_boat":11,"minecraft:sunflower":1,"minecraft:sugar_cane":8,"minecraft:leather":1,"minecraft:crafting_table":1,"minecraft:iron_axe":1,"minecraft:oak_sapling":1,"minecraft:red_carpet":1,"minecraft:gray_shulker_box":2,"minecraft:beef":1,"minecraft:rotten_flesh":1,"minecraft:dark_oak_planks":2,"minecraft:leaf_litter":6,"minecraft:oak_log":8,"minecraft:emerald":2,"minecraft:green_shulker_box":1,"minecraft:oak_leaves":1}},"DataVersion":4440}