{"stats":{"minecraft:used":{"minecraft:sand":56,"minecraft:sweet_berries":1,"minecraft:leaf_litter":4,"minecraft:spruce_planks":3,"minecraft:shield":19,"minecraft:diamond_sword":48,"minecraft:diamond_shovel":139,"minecraft:oak_boat":14,"minecraft:golden_apple":2,"minecraft:diamond_pickaxe":126,"minecraft:diamond_axe":30,"minecraft:crafting_table":2,"minecraft:pumpkin_pie":15,"minecraft:potion":1,"minecraft:oak_planks":19,"minecraft:porkchop":3,"minecraft:oak_sapling":1,"minecraft:gray_shulker_box":2,"minecraft:dirt":46,"minecraft:sandstone":14},"minecraft:crafted":{"minecraft:oak_boat":2,"minecraft:oak_planks":48,"minecraft:crossbow":1,"minecraft:crafting_table":1},"minecraft:killed":{"minecraft:zombie":1,"minecraft:skeleton":1,"minecraft:chicken":1,"minecraft:pig":2,"minecraft:cow":1,"minecraft:vex":1,"minecraft:villager":1,"minecraft:vindicator":4},"minecraft:dropped":{"minecraft:rotten_flesh":1,"minecraft:oak_leaves":1,"minecraft:sand":9,"minecraft:sunflower":1,"minecraft:sweet_berries":1,"minecraft:leaf_litter":2,"minecraft:dirt":8},"minecraft:mined":{"minecraft:sandstone":105,"minecraft:tall_grass":1,"minecraft:tall_seagrass":2,"minecraft:dirt":29,"minecraft:andesite":1,"minecraft:diorite":1,"minecraft:grass_block":30,"minecraft:oak_planks":3,"minecraft:sunflower":1,"minecraft:sugar_cane":3,"minecraft:short_grass":3,"minecraft:sand":80,"minecraft:oak_leaves":5,"minecraft:spruce_planks":6,"minecraft:red_carpet":1,"minecraft:seagrass":1,"minecraft:crafting_table":1,"minecraft:spruce_stairs":1,"minecraft:oak_log":12,"minecraft:green_shulker_box":1,"minecraft:dark_oak_planks":2,"minecraft:stone":16,"minecraft:gray_shulker_box":2},"minecraft:custom":{"minecraft:talked_to_villager":19,"minecraft:time_since_rest":75989,"minecraft:leave_game":2,"minecraft:damage_taken":781,"minecraft:mob_kills":12,"minecraft:boat_one_cm":631482,"minecraft:damage_absorbed":80,"minecraft:open_shulker_box":4,"minecraft:time_since_death":75989,"minecraft:total_world_time":75989,"minecraft:swim_one_cm":120332,"minecraft:crouch_one_cm":5329,"minecraft:climb_one_cm":24,"minecraft:traded_with_villager":1,"minecraft:damage_blocked_by_shield":2208,"minecraft:damage_resisted":712,"minecraft:interact_with_crafting_table":2,"minecraft:walk_one_cm":149841,"minecraft:walk_under_water_one_cm":18352,"minecraft:play_time":75989,"minecraft:damage_dealt":2589,"minecraft:jump":1455,"minecraft:drop":20,"minecraft:sprint_one_cm":132704,"minecraft:open_chest":5,"minecraft:fall_one_cm":35576,"minecraft:fly_one_cm":201056,"minecraft:walk_on_water_one_cm":39206,"minecraft:sneak_time":2190},"minecraft:picked_up":{"minecraft:spruce_planks":3,"minecraft:sweet_berries":2,"minecraft:dirt":54,"minecraft:stone":7,"minecraft:sugar_cane":8,"minecraft:leather":1,"minecraft:gray_shulker_box":2,"minecraft:leaf_litter":20,"minecraft:oak_log":12,"minecraft:sand":77,"minecraft:emerald":2,"minecraft:spruce_stairs":1,"minecraft:oak_leaves":3,"minecraft:porkchop":3,"minecraft:oak_boat":13,"minecraft:sunflower":1,"minecraft:oak_planks":3,"minecraft:crafting_table":1,"minecraft:iron_axe":1,"minecraft:oak_sapling":1,"minecraft:red_carpet":1,"minecraft:rotten_flesh":1,"minecraft:dark_oak_planks":2,"minecraft:beef":1,"minecraft:sandstone":85,"minecraft:green_shulker_box":1}},"DataVersion":4440}