{"stats":{"minecraft:used":{"minecraft:sand":56,"minecraft:leaf_litter":4,"minecraft:spruce_planks":3,"minecraft:shield":19,"minecraft:diamond_sword":42,"minecraft:diamond_shovel":139,"minecraft:oak_boat":13,"minecraft:golden_apple":2,"minecraft:diamond_pickaxe":126,"minecraft:diamond_axe":23,"minecraft:crafting_table":1,"minecraft:pumpkin_pie":13,"minecraft:potion":1,"minecraft:oak_planks":19,"minecraft:porkchop":3,"minecraft:oak_sapling":1,"minecraft:gray_shulker_box":2,"minecraft:dirt":46},"minecraft:crafted":{"minecraft:oak_boat":1,"minecraft:oak_planks":32,"minecraft:crafting_table":1},"minecraft:killed":{"minecraft:zombie":1,"minecraft:skeleton":1,"minecraft:chicken":1,"minecraft:pig":2,"minecraft:cow":1,"minecraft:vex":1,"minecraft:vindicator":4},"minecraft:dropped":{"minecraft:oak_leaves":1,"minecraft:sand":9,"minecraft:leaf_litter":2},"minecraft:mined":{"minecraft:sandstone":105,"minecraft:tall_grass":1,"minecraft:tall_seagrass":2,"minecraft:dirt":29,"minecraft:andesite":1,"minecraft:diorite":1,"minecraft:grass_block":30,"minecraft:oak_planks":3,"minecraft:sunflower":1,"minecraft:sugar_cane":3,"minecraft:short_grass":2,"minecraft:sand":80,"minecraft:oak_leaves":2,"minecraft:spruce_planks":6,"minecraft:red_carpet":1,"minecraft:seagrass":1,"minecraft:crafting_table":1,"minecraft:spruce_stairs":1,"minecraft:oak_log":8,"minecraft:green_shulker_box":1,"minecraft:dark_oak_planks":2,"minecraft:stone":16,"minecraft:gray_shulker_box":2},"minecraft:custom":{"minecraft:time_since_rest":64903,"minecraft:leave_game":1,"minecraft:damage_taken":725,"minecraft:mob_kills":11,"minecraft:boat_one_cm":614959,"minecraft:damage_absorbed":80,"minecraft:open_shulker_box":4,"minecraft:time_since_death":64903,"minecraft:total_world_time":64903,"minecraft:swim_one_cm":75563,"minecraft:crouch_one_cm":5159,"minecraft:climb_one_cm":24,"minecraft:damage_blocked_by_shield":2208,"minecraft:damage_resisted":712,"minecraft:interact_with_crafting_table":1,"minecraft:walk_one_cm":130822,"minecraft:walk_under_water_one_cm":14908,"minecraft:play_time":64903,"minecraft:damage_dealt":2390,"minecraft:jump":1216,"minecraft:drop":12,"minecraft:sprint_one_cm":118102,"minecraft:open_chest":5,"minecraft:fall_one_cm":30426,"minecraft:fly_one_cm":176836,"minecraft:walk_on_water_one_cm":35463,"minecraft:sneak_time":2048},"minecraft:picked_up":{"minecraft:spruce_planks":3,"minecraft:sweet_berries":2,"minecraft:dirt":50,"minecraft:stone":7,"minecraft:sugar_cane":8,"minecraft:leather":1,"minecraft:gray_shulker_box":2,"minecraft:leaf_litter":20,"minecraft:oak_log":8,"minecraft:sand":77,"minecraft:emerald":2,"minecraft:spruce_stairs":1,"minecraft:oak_leaves":1,"minecraft:porkchop":3,"minecraft:oak_boat":12,"minecraft:sunflower":1,"minecraft:oak_planks":3,"minecraft:crafting_table":1,"minecraft:iron_axe":1,"minecraft:oak_sapling":1,"minecraft:red_carpet":1,"minecraft:rotten_flesh":1,"minecraft:dark_oak_planks":2,"minecraft:beef":1,"minecraft:sandstone":85,"minecraft:green_shulker_box":1}},"DataVersion":4440}