{"stats":{"minecraft:used":{"minecraft:diamond_axe":11,"minecraft:diamond_pickaxe":3,"minecraft:crafting_table":1,"minecraft:shield":7,"minecraft:pumpkin_pie":5,"minecraft:porkchop":3,"minecraft:diamond_sword":13,"minecraft:gray_shulker_box":1,"minecraft:diamond_shovel":54,"minecraft:dirt":42,"minecraft:oak_boat":8},"minecraft:crafted":{"minecraft:oak_boat":1,"minecraft:oak_planks":32,"minecraft:crafting_table":1},"minecraft:killed":{"minecraft:skeleton":1,"minecraft:chicken":1,"minecraft:pig":2,"minecraft:cow":1},"minecraft:dropped":{"minecraft:oak_leaves":1},"minecraft:mined":{"minecraft:tall_grass":1,"minecraft:tall_seagrass":2,"minecraft:dirt":28,"minecraft:grass_block":26,"minecraft:sugar_cane":3,"minecraft:short_grass":1,"minecraft:oak_leaves":1,"minecraft:seagrass":1,"minecraft:crafting_table":1,"minecraft:oak_log":8,"minecraft:green_shulker_box":1,"minecraft:stone":1,"minecraft:gray_shulker_box":1},"minecraft:custom":{"minecraft:interact_with_crafting_table":1,"minecraft:damage_blocked_by_shield":470,"minecraft:time_since_rest":28903,"minecraft:walk_one_cm":49463,"minecraft:leave_game":1,"minecraft:walk_under_water_one_cm":1016,"minecraft:mob_kills":5,"minecraft:damage_taken":282,"minecraft:boat_one_cm":284622,"minecraft:play_time":28903,"minecraft:damage_dealt":622,"minecraft:open_shulker_box":3,"minecraft:jump":545,"minecraft:time_since_death":28903,"minecraft:drop":1,"minecraft:sprint_one_cm":65106,"minecraft:fall_one_cm":17245,"minecraft:total_world_time":28903,"minecraft:swim_one_cm":5073,"minecraft:fly_one_cm":80981,"minecraft:walk_on_water_one_cm":8358,"minecraft:crouch_one_cm":1030,"minecraft:sneak_time":471},"minecraft:picked_up":{"minecraft:porkchop":3,"minecraft:dirt":45,"minecraft:oak_log":8,"minecraft:oak_boat":7,"minecraft:sugar_cane":8,"minecraft:leather":1,"minecraft:crafting_table":1,"minecraft:green_shulker_box":1,"minecraft:gray_shulker_box":1,"minecraft:oak_leaves":1,"minecraft:beef":1,"minecraft:rotten_flesh":1}},"DataVersion":4440}