{"stats":{"minecraft:used":{"minecraft:diamond_axe":10,"minecraft:diamond_pickaxe":2,"minecraft:crafting_table":1,"minecraft:gray_shulker_box":1,"minecraft:oak_boat":1},"minecraft:crafted":{"minecraft:oak_boat":1,"minecraft:oak_planks":32,"minecraft:crafting_table":1},"minecraft:dropped":{"minecraft:oak_leaves":1},"minecraft:mined":{"minecraft:oak_leaves":1,"minecraft:crafting_table":1,"minecraft:oak_log":8,"minecraft:green_shulker_box":1,"minecraft:gray_shulker_box":1},"minecraft:custom":{"minecraft:interact_with_crafting_table":1,"minecraft:time_since_rest":4907,"minecraft:walk_one_cm":9748,"minecraft:leave_game":1,"minecraft:walk_under_water_one_cm":430,"minecraft:damage_taken":40,"minecraft:play_time":4907,"minecraft:open_shulker_box":3,"minecraft:jump":41,"minecraft:time_since_death":4907,"minecraft:drop":1,"minecraft:sprint_one_cm":6046,"minecraft:fall_one_cm":1570,"minecraft:swim_one_cm":5073,"minecraft:total_world_time":4907,"minecraft:fly_one_cm":9135,"minecraft:walk_on_water_one_cm":3125,"minecraft:crouch_one_cm":518,"minecraft:sneak_time":238},"minecraft:picked_up":{"minecraft:oak_log":8,"minecraft:crafting_table":1,"minecraft:gray_shulker_box":1,"minecraft:green_shulker_box":1,"minecraft:oak_leaves":1}},"DataVersion":4440}