{"stats":{"minecraft:used":{"minecraft:leaf_litter":4,"minecraft:shield":18,"minecraft:diamond_sword":41,"minecraft:diamond_shovel":114,"minecraft:oak_boat":13,"minecraft:golden_apple":2,"minecraft:diamond_pickaxe":43,"minecraft:diamond_axe":20,"minecraft:crafting_table":1,"minecraft:pumpkin_pie":11,"minecraft:potion":1,"minecraft:oak_planks":19,"minecraft:porkchop":3,"minecraft:oak_sapling":1,"minecraft:gray_shulker_box":2,"minecraft:dirt":45},"minecraft:crafted":{"minecraft:oak_boat":1,"minecraft:oak_planks":32,"minecraft:crafting_table":1},"minecraft:killed":{"minecraft:zombie":1,"minecraft:skeleton":1,"minecraft:chicken":1,"minecraft:pig":2,"minecraft:cow":1,"minecraft:vex":1,"minecraft:vindicator":4},"minecraft:dropped":{"minecraft:oak_leaves":1,"minecraft:sand":1,"minecraft:leaf_litter":2},"minecraft:mined":{"minecraft:sandstone":37,"minecraft:tall_grass":1,"minecraft:tall_seagrass":2,"minecraft:dirt":28,"minecraft:andesite":1,"minecraft:diorite":1,"minecraft:grass_block":26,"minecraft:sunflower":1,"minecraft:sugar_cane":3,"minecraft:short_grass":2,"minecraft:sand":60,"minecraft:oak_leaves":2,"minecraft:spruce_planks":6,"minecraft:red_carpet":1,"minecraft:seagrass":1,"minecraft:crafting_table":1,"minecraft:spruce_stairs":1,"minecraft:oak_log":8,"minecraft:green_shulker_box":1,"minecraft:dark_oak_planks":2,"minecraft:stone":1,"minecraft:gray_shulker_box":2},"minecraft:custom":{"minecraft:time_since_rest":52903,"minecraft:leave_game":1,"minecraft:damage_taken":688,"minecraft:mob_kills":11,"minecraft:boat_one_cm":614959,"minecraft:damage_absorbed":80,"minecraft:open_shulker_box":4,"minecraft:time_since_death":52903,"minecraft:total_world_time":52903,"minecraft:swim_one_cm":16005,"minecraft:crouch_one_cm":3607,"minecraft:climb_one_cm":24,"minecraft:damage_blocked_by_shield":1896,"minecraft:damage_resisted":712,"minecraft:interact_with_crafting_table":1,"minecraft:walk_one_cm":87510,"minecraft:walk_under_water_one_cm":4934,"minecraft:play_time":52903,"minecraft:damage_dealt":2295,"minecraft:jump":987,"minecraft:drop":4,"minecraft:sprint_one_cm":107261,"minecraft:open_chest":4,"minecraft:fall_one_cm":26854,"minecraft:fly_one_cm":160573,"minecraft:walk_on_water_one_cm":16353,"minecraft:sneak_time":1626},"minecraft:picked_up":{"minecraft:spruce_planks":3,"minecraft:porkchop":3,"minecraft:dirt":45,"minecraft:oak_boat":12,"minecraft:sunflower":1,"minecraft:sugar_cane":8,"minecraft:leather":1,"minecraft:crafting_table":1,"minecraft:iron_axe":1,"minecraft:oak_sapling":1,"minecraft:gray_shulker_box":2,"minecraft:red_carpet":1,"minecraft:rotten_flesh":1,"minecraft:dark_oak_planks":2,"minecraft:beef":1,"minecraft:leaf_litter":6,"minecraft:oak_log":8,"minecraft:sand":42,"minecraft:sandstone":31,"minecraft:emerald":2,"minecraft:green_shulker_box":1,"minecraft:oak_leaves":1}},"DataVersion":4440}