{"stats":{"minecraft:used":{"minecraft:stone_sword":28,"minecraft:golden_axe":14,"minecraft:shield":6,"minecraft:wooden_pickaxe":7,"minecraft:wooden_shovel":4,"minecraft:wooden_axe":4,"minecraft:crafting_table":1,"minecraft:wooden_sword":8,"minecraft:oak_planks":1,"minecraft:stone_pickaxe":63,"minecraft:bread":11,"minecraft:bow":1,"minecraft:brown_shulker_box":3},"minecraft:killed":{"minecraft:zombie":1,"minecraft:skeleton":5,"minecraft:sheep":2},"minecraft:crafted":{"minecraft:stone_sword":1,"minecraft:stick":8,"minecraft:oak_planks":64,"minecraft:stone_pickaxe":1,"minecraft:crafting_table":1},"minecraft:dropped":{"minecraft:leaf_litter":6},"minecraft:mined":{"minecraft:pointed_dripstone":4,"minecraft:brown_shulker_box":2,"minecraft:granite":3,"minecraft:diorite":9,"minecraft:grass_block":2,"minecraft:coal_ore":3,"minecraft:gravel":2,"minecraft:short_grass":2,"minecraft:crafting_table":1,"minecraft:mossy_stone_brick_slab":1,"minecraft:leaf_litter":5,"minecraft:oak_log":16,"minecraft:stone":48},"minecraft:custom":{"minecraft:interact_with_crafting_table":4,"minecraft:damage_blocked_by_shield":300,"minecraft:time_since_rest":17986,"minecraft:walk_one_cm":26654,"minecraft:walk_under_water_one_cm":49,"minecraft:mob_kills":8,"minecraft:damage_taken":592,"minecraft:play_time":17986,"minecraft:damage_dealt":1319,"minecraft:open_shulker_box":6,"minecraft:jump":405,"minecraft:time_since_death":17986,"minecraft:drop":3,"minecraft:sprint_one_cm":42923,"minecraft:open_chest":1,"minecraft:fall_one_cm":13623,"minecraft:total_world_time":17986,"minecraft:swim_one_cm":999,"minecraft:fly_one_cm":54661,"minecraft:walk_on_water_one_cm":231,"minecraft:crouch_one_cm":1509,"minecraft:sneak_time":1935},"minecraft:picked_up":{"minecraft:diorite":5,"minecraft:dirt":1,"minecraft:cobblestone":15,"minecraft:white_wool":2,"minecraft:crafting_table":1,"minecraft:bone":3,"minecraft:arrow":4,"minecraft:rotten_flesh":1,"minecraft:brown_shulker_box":3,"minecraft:pointed_dripstone":3,"minecraft:leaf_litter":10,"minecraft:coal":1,"minecraft:oak_log":16,"minecraft:mutton":3}},"DataVersion":4440}