{"stats":{"minecraft:used":{"minecraft:stone_sword":38,"minecraft:golden_axe":14,"minecraft:red_bed":1,"minecraft:shield":6,"minecraft:wooden_pickaxe":7,"minecraft:iron_pickaxe":57,"minecraft:wooden_shovel":4,"minecraft:wooden_axe":4,"minecraft:crafting_table":3,"minecraft:wooden_sword":8,"minecraft:oak_planks":5,"minecraft:furnace":1,"minecraft:stone_pickaxe":85,"minecraft:bread":16,"minecraft:bow":1,"minecraft:brown_shulker_box":3},"minecraft:killed":{"minecraft:zombie":3,"minecraft:skeleton":5,"minecraft:sheep":2},"minecraft:crafted":{"minecraft:furnace":1,"minecraft:stone_sword":1,"minecraft:stick":8,"minecraft:iron_ingot":1,"minecraft:oak_planks":64,"minecraft:stone_pickaxe":1,"minecraft:iron_pickaxe":1,"minecraft:air":0,"minecraft:crafting_table":1},"minecraft:dropped":{"minecraft:leaf_litter":6,"minecraft:stone_pickaxe":1},"minecraft:mined":{"minecraft:pointed_dripstone":5,"minecraft:brown_shulker_box":2,"minecraft:granite":3,"minecraft:red_bed":1,"minecraft:diorite":9,"minecraft:grass_block":2,"minecraft:coal_ore":25,"minecraft:gravel":2,"minecraft:short_grass":2,"minecraft:diamond_ore":1,"minecraft:deepslate_iron_ore":3,"minecraft:crafting_table":1,"minecraft:mossy_stone_brick_slab":1,"minecraft:leaf_litter":5,"minecraft:deepslate_redstone_ore":7,"minecraft:dripstone_block":2,"minecraft:oak_log":16,"minecraft:iron_ore":26,"minecraft:stone":65},"minecraft:custom":{"minecraft:interact_with_crafting_table":10,"minecraft:damage_blocked_by_shield":300,"minecraft:time_since_rest":29986,"minecraft:walk_one_cm":42220,"minecraft:walk_under_water_one_cm":286,"minecraft:mob_kills":10,"minecraft:damage_taken":933,"minecraft:play_time":29986,"minecraft:damage_dealt":1719,"minecraft:open_shulker_box":6,"minecraft:jump":554,"minecraft:time_since_death":29986,"minecraft:drop":4,"minecraft:interact_with_furnace":9,"minecraft:sprint_one_cm":59312,"minecraft:open_chest":1,"minecraft:fall_one_cm":20415,"minecraft:total_world_time":29986,"minecraft:swim_one_cm":1499,"minecraft:fly_one_cm":70539,"minecraft:walk_on_water_one_cm":3163,"minecraft:crouch_one_cm":5032,"minecraft:sneak_time":3907},"minecraft:picked_up":{"minecraft:diorite":5,"minecraft:dirt":1,"minecraft:cobblestone":27,"minecraft:white_wool":2,"minecraft:crafting_table":2,"minecraft:bone":3,"minecraft:arrow":4,"minecraft:redstone":30,"minecraft:iron_ingot":3,"minecraft:dripstone_block":3,"minecraft:cobbled_deepslate":1,"minecraft:rotten_flesh":4,"minecraft:raw_iron":28,"minecraft:brown_shulker_box":3,"minecraft:pointed_dripstone":4,"minecraft:leaf_litter":10,"minecraft:coal":23,"minecraft:oak_log":16,"minecraft:diamond":1,"minecraft:mutton":3}},"DataVersion":4440}