{"stats":{"minecraft:used":{"minecraft:stone_sword":38,"minecraft:golden_axe":15,"minecraft:red_bed":1,"minecraft:shield":8,"minecraft:iron_pickaxe":57,"minecraft:wooden_pickaxe":7,"minecraft:iron_sword":38,"minecraft:wooden_shovel":4,"minecraft:chainmail_boots":1,"minecraft:water_bucket":1,"minecraft:wooden_axe":4,"minecraft:bucket":2,"minecraft:crafting_table":5,"minecraft:wooden_sword":8,"minecraft:oak_planks":5,"minecraft:furnace":2,"minecraft:bread":33,"minecraft:stone_pickaxe":85,"minecraft:bow":1,"minecraft:iron_boots":2,"minecraft:brown_shulker_box":3},"minecraft:killed":{"minecraft:zombie":10,"minecraft:skeleton":7,"minecraft:sheep":2,"minecraft:spider":1},"minecraft:crafted":{"minecraft:stone_sword":1,"minecraft:bucket":1,"minecraft:furnace":1,"minecraft:iron_ingot":23,"minecraft:stone_pickaxe":1,"minecraft:iron_chestplate":1,"minecraft:iron_boots":1,"minecraft:crafting_table":1,"minecraft:stick":8,"minecraft:oak_planks":64,"minecraft:iron_pickaxe":1,"minecraft:iron_sword":1,"minecraft:air":0,"minecraft:iron_axe":1},"minecraft:dropped":{"minecraft:chainmail_leggings":2,"minecraft:oak_planks":51,"minecraft:pointed_dripstone":2,"minecraft:chainmail_boots":2,"minecraft:diamond_leggings":1,"minecraft:leaf_litter":6,"minecraft:stone_pickaxe":1,"minecraft:iron_sword":2,"minecraft:chainmail_chestplate":1},"minecraft:mined":{"minecraft:pointed_dripstone":5,"minecraft:brown_shulker_box":2,"minecraft:granite":3,"minecraft:red_bed":1,"minecraft:coal_ore":25,"minecraft:diorite":9,"minecraft:grass_block":2,"minecraft:gravel":2,"minecraft:short_grass":2,"minecraft:diamond_ore":1,"minecraft:deepslate_iron_ore":3,"minecraft:crafting_table":2,"minecraft:leaf_litter":5,"minecraft:mossy_stone_brick_slab":1,"minecraft:deepslate_redstone_ore":7,"minecraft:dripstone_block":2,"minecraft:oak_log":16,"minecraft:iron_ore":26,"minecraft:stone":65},"minecraft:custom":{"minecraft:damage_blocked_by_shield":454,"minecraft:interact_with_crafting_table":18,"minecraft:time_since_rest":52362,"minecraft:walk_one_cm":65735,"minecraft:leave_game":2,"minecraft:walk_under_water_one_cm":559,"minecraft:damage_taken":1666,"minecraft:mob_kills":20,"minecraft:play_time":52362,"minecraft:damage_dealt":3623,"minecraft:open_shulker_box":6,"minecraft:jump":911,"minecraft:time_since_death":52362,"minecraft:drop":14,"minecraft:interact_with_furnace":26,"minecraft:sprint_one_cm":96051,"minecraft:open_chest":1,"minecraft:fall_one_cm":36441,"minecraft:total_world_time":52362,"minecraft:swim_one_cm":2224,"minecraft:fly_one_cm":134163,"minecraft:walk_on_water_one_cm":4079,"minecraft:crouch_one_cm":5243,"minecraft:sneak_time":4028},"minecraft:picked_up":{"minecraft:chainmail_leggings":1,"minecraft:dirt":1,"minecraft:cobblestone":27,"minecraft:redstone":30,"minecraft:bone":5,"minecraft:dripstone_block":3,"minecraft:tuff":2,"minecraft:water_bucket":1,"minecraft:leaf_litter":10,"minecraft:coal":33,"minecraft:oak_log":16,"minecraft:furnace":1,"minecraft:diamond":1,"minecraft:iron_sword":2,"minecraft:diorite":5,"minecraft:white_wool":2,"minecraft:crafting_table":4,"minecraft:arrow":6,"minecraft:iron_ingot":5,"minecraft:rotten_flesh":7,"minecraft:raw_iron":50,"minecraft:cobbled_deepslate":5,"minecraft:brown_shulker_box":3,"minecraft:pointed_dripstone":4,"minecraft:chainmail_boots":1,"minecraft:mutton":3,"minecraft:gunpowder":1,"minecraft:diamond_leggings":2}},"DataVersion":4440}