{"stats":{"minecraft:used":{"minecraft:wooden_axe":4,"minecraft:wooden_sword":8,"minecraft:wooden_pickaxe":2,"minecraft:bread":1,"minecraft:brown_shulker_box":1},"minecraft:killed":{"minecraft:sheep":2},"minecraft:dropped":{"minecraft:leaf_litter":6},"minecraft:mined":{"minecraft:short_grass":2,"minecraft:brown_shulker_box":1,"minecraft:mossy_stone_brick_slab":1,"minecraft:leaf_litter":3,"minecraft:oak_log":4},"minecraft:custom":{"minecraft:time_since_rest":5986,"minecraft:walk_one_cm":5854,"minecraft:mob_kills":2,"minecraft:damage_taken":50,"minecraft:damage_dealt":160,"minecraft:play_time":5986,"minecraft:open_shulker_box":4,"minecraft:jump":138,"minecraft:time_since_death":5986,"minecraft:drop":3,"minecraft:sprint_one_cm":17772,"minecraft:open_chest":1,"minecraft:fall_one_cm":3470,"minecraft:total_world_time":5986,"minecraft:fly_one_cm":22113,"minecraft:crouch_one_cm":73,"minecraft:sneak_time":48},"minecraft:picked_up":{"minecraft:brown_shulker_box":1,"minecraft:leaf_litter":6,"minecraft:oak_log":4,"minecraft:white_wool":2,"minecraft:mutton":3}},"DataVersion":4440}