{"stats":{"minecraft:used":{"minecraft:stone_sword":38,"minecraft:golden_axe":15,"minecraft:red_bed":1,"minecraft:shield":7,"minecraft:iron_pickaxe":57,"minecraft:wooden_pickaxe":7,"minecraft:iron_sword":13,"minecraft:wooden_shovel":4,"minecraft:water_bucket":1,"minecraft:wooden_axe":4,"minecraft:bucket":2,"minecraft:crafting_table":5,"minecraft:wooden_sword":8,"minecraft:oak_planks":5,"minecraft:furnace":1,"minecraft:bread":26,"minecraft:stone_pickaxe":85,"minecraft:bow":1,"minecraft:brown_shulker_box":3},"minecraft:killed":{"minecraft:zombie":6,"minecraft:skeleton":5,"minecraft:sheep":2},"minecraft:crafted":{"minecraft:stone_sword":1,"minecraft:bucket":1,"minecraft:furnace":1,"minecraft:iron_ingot":15,"minecraft:stone_pickaxe":1,"minecraft:iron_chestplate":1,"minecraft:crafting_table":1,"minecraft:stick":8,"minecraft:oak_planks":64,"minecraft:iron_pickaxe":1,"minecraft:iron_sword":1,"minecraft:air":0,"minecraft:iron_axe":1},"minecraft:dropped":{"minecraft:oak_planks":51,"minecraft:leaf_litter":6,"minecraft:stone_pickaxe":1,"minecraft:iron_sword":1,"minecraft:chainmail_chestplate":1},"minecraft:mined":{"minecraft:pointed_dripstone":5,"minecraft:brown_shulker_box":2,"minecraft:granite":3,"minecraft:red_bed":1,"minecraft:coal_ore":25,"minecraft:diorite":9,"minecraft:grass_block":2,"minecraft:gravel":2,"minecraft:short_grass":2,"minecraft:diamond_ore":1,"minecraft:deepslate_iron_ore":3,"minecraft:crafting_table":2,"minecraft:leaf_litter":5,"minecraft:mossy_stone_brick_slab":1,"minecraft:deepslate_redstone_ore":7,"minecraft:dripstone_block":2,"minecraft:oak_log":16,"minecraft:iron_ore":26,"minecraft:stone":65},"minecraft:custom":{"minecraft:damage_blocked_by_shield":404,"minecraft:interact_with_crafting_table":16,"minecraft:time_since_rest":40374,"minecraft:walk_one_cm":52394,"minecraft:leave_game":2,"minecraft:walk_under_water_one_cm":559,"minecraft:damage_taken":1339,"minecraft:mob_kills":13,"minecraft:play_time":40374,"minecraft:damage_dealt":2360,"minecraft:open_shulker_box":6,"minecraft:jump":706,"minecraft:time_since_death":40374,"minecraft:drop":7,"minecraft:interact_with_furnace":16,"minecraft:sprint_one_cm":79472,"minecraft:open_chest":1,"minecraft:fall_one_cm":28628,"minecraft:total_world_time":40374,"minecraft:swim_one_cm":2224,"minecraft:fly_one_cm":100928,"minecraft:walk_on_water_one_cm":4079,"minecraft:crouch_one_cm":5243,"minecraft:sneak_time":4017},"minecraft:picked_up":{"minecraft:diorite":5,"minecraft:dirt":1,"minecraft:cobblestone":27,"minecraft:white_wool":2,"minecraft:crafting_table":4,"minecraft:arrow":4,"minecraft:redstone":30,"minecraft:bone":3,"minecraft:iron_ingot":5,"minecraft:dripstone_block":3,"minecraft:rotten_flesh":7,"minecraft:raw_iron":37,"minecraft:cobbled_deepslate":5,"minecraft:brown_shulker_box":3,"minecraft:pointed_dripstone":4,"minecraft:tuff":2,"minecraft:water_bucket":1,"minecraft:leaf_litter":10,"minecraft:coal":33,"minecraft:oak_log":16,"minecraft:furnace":1,"minecraft:diamond":1,"minecraft:iron_sword":1,"minecraft:mutton":3}},"DataVersion":4440}