{"stats":{"minecraft:used":{"minecraft:stone_axe":9,"minecraft:stone_sword":23,"minecraft:chainmail_chestplate":1,"minecraft:red_bed":1,"minecraft:shield":11,"minecraft:diorite":4,"minecraft:iron_pickaxe":31,"minecraft:wooden_pickaxe":4,"minecraft:diamond_pickaxe":55,"minecraft:bucket":2,"minecraft:crafting_table":3,"minecraft:wooden_sword":1,"minecraft:dripstone_block":2,"minecraft:furnace":1,"minecraft:bread":17,"minecraft:torch":22,"minecraft:stone_pickaxe":175,"minecraft:dirt":8,"minecraft:bow":5,"minecraft:brown_shulker_box":6},"minecraft:broken":{"minecraft:stone_pickaxe":1},"minecraft:killed":{"minecraft:zombie":3,"minecraft:skeleton":5},"minecraft:crafted":{"minecraft:stone_sword":1,"minecraft:bucket":2,"minecraft:furnace":1,"minecraft:iron_ingot":26,"minecraft:stone_pickaxe":2,"minecraft:iron_chestplate":1,"minecraft:crafting_table":1,"minecraft:torch":28,"minecraft:stick":20,"minecraft:stone_axe":1,"minecraft:oak_planks":20,"minecraft:diamond_pickaxe":1,"minecraft:iron_pickaxe":1,"minecraft:air":0},"minecraft:dropped":{"minecraft:iron_ingot":3,"minecraft:birch_sapling":1,"minecraft:diamond":13,"minecraft:stone_pickaxe":1},"minecraft:killed_by":{"minecraft:creeper":1},"minecraft:mined":{"minecraft:torch":4,"minecraft:brown_shulker_box":6,"minecraft:spawner":1,"minecraft:granite":4,"minecraft:dirt":1,"minecraft:andesite":9,"minecraft:coal_ore":15,"minecraft:diorite":4,"minecraft:grass_block":1,"minecraft:cobblestone":4,"minecraft:wall_torch":9,"minecraft:diamond_ore":3,"minecraft:deepslate":62,"minecraft:oak_leaves":3,"minecraft:furnace":1,"minecraft:deepslate_diamond_ore":18,"minecraft:deepslate_iron_ore":9,"minecraft:crafting_table":3,"minecraft:leaf_litter":3,"minecraft:dripstone_block":4,"minecraft:oak_log":4,"minecraft:iron_ore":14,"minecraft:stone":99},"minecraft:custom":{"minecraft:damage_blocked_by_shield":580,"minecraft:interact_with_crafting_table":12,"minecraft:time_since_rest":3279,"minecraft:walk_one_cm":62272,"minecraft:walk_under_water_one_cm":1933,"minecraft:damage_taken":1377,"minecraft:mob_kills":8,"minecraft:play_time":41920,"minecraft:damage_dealt":1438,"minecraft:open_shulker_box":7,"minecraft:jump":795,"minecraft:time_since_death":3161,"minecraft:drop":14,"minecraft:interact_with_furnace":13,"minecraft:sprint_one_cm":85453,"minecraft:open_chest":2,"minecraft:fall_one_cm":30559,"minecraft:total_world_time":41920,"minecraft:swim_one_cm":11636,"minecraft:fly_one_cm":101746,"minecraft:walk_on_water_one_cm":2668,"minecraft:crouch_one_cm":4428,"minecraft:sneak_time":2585,"minecraft:deaths":2},"minecraft:picked_up":{"minecraft:chainmail_leggings":2,"minecraft:dirt":8,"minecraft:cobblestone":243,"minecraft:gravel":6,"minecraft:torch":38,"minecraft:bone":15,"minecraft:diamond_pickaxe":2,"minecraft:dripstone_block":8,"minecraft:bread":99,"minecraft:water_bucket":1,"minecraft:leaf_litter":51,"minecraft:coal":31,"minecraft:stone_pickaxe":8,"minecraft:oak_log":5,"minecraft:furnace":2,"minecraft:diamond":47,"minecraft:shield":2,"minecraft:granite":21,"minecraft:iron_pickaxe":2,"minecraft:chainmail_chestplate":2,"minecraft:diorite":12,"minecraft:red_bed":3,"minecraft:stick":2,"minecraft:birch_sapling":4,"minecraft:totem_of_undying":4,"minecraft:chainmail_helmet":1,"minecraft:oak_planks":6,"minecraft:moss_block":2,"minecraft:bow":2,"minecraft:crafting_table":2,"minecraft:arrow":66,"minecraft:raw_iron":30,"minecraft:cobbled_deepslate":86,"minecraft:andesite":29,"minecraft:brown_shulker_box":10,"minecraft:pointed_dripstone":3,"minecraft:chainmail_boots":2,"minecraft:stone_sword":2,"minecraft:stone_axe":2,"minecraft:lava_bucket":1,"minecraft:iron_chestplate":2}},"DataVersion":4440}