{"stats":{"minecraft:used":{"minecraft:stone_axe":9,"minecraft:stone_sword":5,"minecraft:red_bed":1,"minecraft:shield":2,"minecraft:diorite":4,"minecraft:iron_pickaxe":31,"minecraft:wooden_pickaxe":4,"minecraft:bucket":1,"minecraft:crafting_table":3,"minecraft:wooden_sword":1,"minecraft:dripstone_block":2,"minecraft:furnace":1,"minecraft:bread":12,"minecraft:torch":22,"minecraft:stone_pickaxe":163,"minecraft:dirt":8,"minecraft:bow":5,"minecraft:brown_shulker_box":5},"minecraft:broken":{"minecraft:stone_pickaxe":1},"minecraft:killed":{"minecraft:zombie":1,"minecraft:skeleton":2},"minecraft:crafted":{"minecraft:stone_sword":1,"minecraft:bucket":1,"minecraft:furnace":1,"minecraft:iron_ingot":17,"minecraft:stone_pickaxe":2,"minecraft:iron_chestplate":1,"minecraft:crafting_table":1,"minecraft:torch":28,"minecraft:stick":20,"minecraft:stone_axe":1,"minecraft:oak_planks":20,"minecraft:diamond_pickaxe":1,"minecraft:iron_pickaxe":1,"minecraft:air":0},"minecraft:dropped":{"minecraft:iron_ingot":3,"minecraft:birch_sapling":1,"minecraft:stone_pickaxe":1},"minecraft:mined":{"minecraft:torch":4,"minecraft:brown_shulker_box":5,"minecraft:granite":4,"minecraft:dirt":1,"minecraft:andesite":9,"minecraft:coal_ore":15,"minecraft:diorite":4,"minecraft:grass_block":1,"minecraft:wall_torch":9,"minecraft:diamond_ore":3,"minecraft:deepslate":22,"minecraft:oak_leaves":3,"minecraft:furnace":1,"minecraft:deepslate_diamond_ore":1,"minecraft:deepslate_iron_ore":9,"minecraft:crafting_table":3,"minecraft:leaf_litter":3,"minecraft:dripstone_block":3,"minecraft:oak_log":4,"minecraft:iron_ore":14,"minecraft:stone":99},"minecraft:custom":{"minecraft:damage_blocked_by_shield":120,"minecraft:interact_with_crafting_table":11,"minecraft:time_since_rest":113,"minecraft:walk_one_cm":39785,"minecraft:walk_under_water_one_cm":1933,"minecraft:damage_taken":853,"minecraft:mob_kills":3,"minecraft:play_time":29920,"minecraft:damage_dealt":510,"minecraft:open_shulker_box":6,"minecraft:jump":550,"minecraft:time_since_death":107,"minecraft:drop":3,"minecraft:interact_with_furnace":11,"minecraft:sprint_one_cm":63192,"minecraft:open_chest":1,"minecraft:fall_one_cm":23177,"minecraft:total_world_time":29920,"minecraft:swim_one_cm":11636,"minecraft:fly_one_cm":70360,"minecraft:walk_on_water_one_cm":2668,"minecraft:crouch_one_cm":1957,"minecraft:sneak_time":1324,"minecraft:deaths":1},"minecraft:picked_up":{"minecraft:diorite":8,"minecraft:red_bed":1,"minecraft:dirt":8,"minecraft:birch_sapling":2,"minecraft:cobblestone":137,"minecraft:gravel":2,"minecraft:crafting_table":2,"minecraft:arrow":2,"minecraft:torch":16,"minecraft:bone":3,"minecraft:dripstone_block":4,"minecraft:raw_iron":24,"minecraft:cobbled_deepslate":19,"minecraft:andesite":9,"minecraft:brown_shulker_box":5,"minecraft:pointed_dripstone":1,"minecraft:leaf_litter":17,"minecraft:coal":31,"minecraft:stone_pickaxe":2,"minecraft:oak_log":5,"minecraft:furnace":1,"minecraft:diamond":4,"minecraft:granite":7}},"DataVersion":4440}