{"stats":{"minecraft:used":{"minecraft:stone_axe":9,"minecraft:stone_sword":28,"minecraft:cobbled_deepslate":2,"minecraft:chainmail_chestplate":1,"minecraft:red_bed":1,"minecraft:shield":11,"minecraft:diorite":4,"minecraft:iron_pickaxe":31,"minecraft:wooden_pickaxe":4,"minecraft:diamond_leggings":1,"minecraft:iron_sword":11,"minecraft:cobblestone":5,"minecraft:diamond_pickaxe":100,"minecraft:bucket":2,"minecraft:crafting_table":3,"minecraft:wooden_sword":1,"minecraft:dripstone_block":2,"minecraft:furnace":1,"minecraft:bread":20,"minecraft:torch":22,"minecraft:stone_pickaxe":175,"minecraft:dirt":8,"minecraft:bow":5,"minecraft:brown_shulker_box":8},"minecraft:broken":{"minecraft:stone_pickaxe":1},"minecraft:killed":{"minecraft:zombie":6,"minecraft:skeleton":5,"minecraft:spider":1},"minecraft:crafted":{"minecraft:stone_sword":1,"minecraft:bucket":2,"minecraft:furnace":1,"minecraft:iron_ingot":26,"minecraft:stone_pickaxe":2,"minecraft:iron_chestplate":1,"minecraft:crafting_table":1,"minecraft:diamond_leggings":3,"minecraft:torch":28,"minecraft:stick":20,"minecraft:stone_axe":1,"minecraft:oak_planks":20,"minecraft:diamond_pickaxe":1,"minecraft:iron_pickaxe":1,"minecraft:air":0},"minecraft:dropped":{"minecraft:iron_ingot":3,"minecraft:chainmail_leggings":1,"minecraft:birch_sapling":1,"minecraft:diamond_leggings":2,"minecraft:diamond":13,"minecraft:stone_pickaxe":2},"minecraft:killed_by":{"minecraft:creeper":1},"minecraft:mined":{"minecraft:torch":4,"minecraft:brown_shulker_box":8,"minecraft:spawner":1,"minecraft:granite":4,"minecraft:dirt":1,"minecraft:andesite":9,"minecraft:coal_ore":15,"minecraft:diorite":4,"minecraft:grass_block":1,"minecraft:cobblestone":4,"minecraft:tuff":8,"minecraft:wall_torch":9,"minecraft:diamond_ore":3,"minecraft:deepslate":74,"minecraft:oak_leaves":3,"minecraft:furnace":1,"minecraft:deepslate_diamond_ore":36,"minecraft:deepslate_iron_ore":9,"minecraft:crafting_table":3,"minecraft:leaf_litter":3,"minecraft:dripstone_block":6,"minecraft:oak_log":4,"minecraft:iron_ore":14,"minecraft:stone":101},"minecraft:custom":{"minecraft:damage_blocked_by_shield":580,"minecraft:interact_with_crafting_table":14,"minecraft:time_since_rest":15279,"minecraft:walk_one_cm":84378,"minecraft:walk_under_water_one_cm":2007,"minecraft:damage_taken":1552,"minecraft:mob_kills":12,"minecraft:play_time":53920,"minecraft:damage_dealt":2116,"minecraft:open_shulker_box":11,"minecraft:jump":1040,"minecraft:time_since_death":15161,"minecraft:drop":18,"minecraft:interact_with_furnace":15,"minecraft:sprint_one_cm":113469,"minecraft:open_chest":5,"minecraft:fall_one_cm":39546,"minecraft:total_world_time":53920,"minecraft:swim_one_cm":11636,"minecraft:fly_one_cm":131108,"minecraft:walk_on_water_one_cm":3437,"minecraft:crouch_one_cm":4611,"minecraft:sneak_time":2950,"minecraft:deaths":2},"minecraft:picked_up":{"minecraft:chainmail_leggings":3,"minecraft:dirt":8,"minecraft:cobblestone":246,"minecraft:gravel":6,"minecraft:torch":38,"minecraft:bone":24,"minecraft:diamond_pickaxe":2,"minecraft:dripstone_block":10,"minecraft:bread":99,"minecraft:tuff":8,"minecraft:water_bucket":1,"minecraft:leaf_litter":51,"minecraft:coal":31,"minecraft:stone_pickaxe":9,"minecraft:oak_log":5,"minecraft:furnace":2,"minecraft:diamond":65,"minecraft:shield":2,"minecraft:granite":21,"minecraft:iron_pickaxe":2,"minecraft:chainmail_chestplate":2,"minecraft:diorite":12,"minecraft:red_bed":3,"minecraft:stick":2,"minecraft:birch_sapling":4,"minecraft:totem_of_undying":4,"minecraft:chainmail_helmet":1,"minecraft:oak_planks":6,"minecraft:moss_block":2,"minecraft:bow":3,"minecraft:crafting_table":2,"minecraft:arrow":66,"minecraft:rotten_flesh":7,"minecraft:raw_iron":30,"minecraft:cobbled_deepslate":98,"minecraft:andesite":29,"minecraft:brown_shulker_box":12,"minecraft:pointed_dripstone":4,"minecraft:chainmail_boots":2,"minecraft:string":2,"minecraft:stone_sword":2,"minecraft:stone_axe":2,"minecraft:lava_bucket":1,"minecraft:iron_chestplate":2}},"DataVersion":4440}