{"stats":{"minecraft:used":{"minecraft:stone_axe":1,"minecraft:stone_sword":5,"minecraft:crafting_table":1,"minecraft:wooden_sword":1,"minecraft:wooden_pickaxe":4,"minecraft:torch":14,"minecraft:stone_pickaxe":60,"minecraft:bread":10,"minecraft:dirt":8,"minecraft:bow":5,"minecraft:brown_shulker_box":2},"minecraft:killed":{"minecraft:zombie":1},"minecraft:crafted":{"minecraft:torch":28,"minecraft:stone_sword":1,"minecraft:stick":16,"minecraft:iron_ingot":1,"minecraft:stone_axe":1,"minecraft:oak_planks":20,"minecraft:stone_pickaxe":1,"minecraft:crafting_table":1},"minecraft:dropped":{"minecraft:birch_sapling":1},"minecraft:mined":{"minecraft:torch":3,"minecraft:wall_torch":5,"minecraft:brown_shulker_box":2,"minecraft:granite":2,"minecraft:oak_leaves":3,"minecraft:dirt":1,"minecraft:crafting_table":1,"minecraft:leaf_litter":3,"minecraft:oak_log":4,"minecraft:grass_block":1,"minecraft:coal_ore":9,"minecraft:stone":45},"minecraft:custom":{"minecraft:interact_with_crafting_table":2,"minecraft:time_since_rest":17920,"minecraft:walk_one_cm":23364,"minecraft:walk_under_water_one_cm":1650,"minecraft:mob_kills":1,"minecraft:damage_taken":648,"minecraft:play_time":17920,"minecraft:damage_dealt":135,"minecraft:open_shulker_box":3,"minecraft:jump":451,"minecraft:time_since_death":17920,"minecraft:drop":1,"minecraft:sprint_one_cm":45131,"minecraft:open_chest":1,"minecraft:fall_one_cm":18125,"minecraft:total_world_time":17920,"minecraft:swim_one_cm":10227,"minecraft:fly_one_cm":60584,"minecraft:walk_on_water_one_cm":1138,"minecraft:crouch_one_cm":378,"minecraft:sneak_time":196},"minecraft:picked_up":{"minecraft:brown_shulker_box":2,"minecraft:pointed_dripstone":1,"minecraft:leaf_litter":17,"minecraft:coal":11,"minecraft:dirt":8,"minecraft:oak_log":5,"minecraft:birch_sapling":2,"minecraft:cobblestone":73,"minecraft:granite":2,"minecraft:gravel":2,"minecraft:crafting_table":1,"minecraft:torch":9}},"DataVersion":4440}