{"stats":{"minecraft:used":{"minecraft:wooden_pickaxe":1,"minecraft:brown_shulker_box":1},"minecraft:dropped":{"minecraft:birch_sapling":1},"minecraft:mined":{"minecraft:brown_shulker_box":1,"minecraft:oak_leaves":3,"minecraft:leaf_litter":1,"minecraft:oak_log":4},"minecraft:custom":{"minecraft:time_since_rest":5920,"minecraft:walk_one_cm":7493,"minecraft:damage_taken":30,"minecraft:play_time":5920,"minecraft:open_shulker_box":2,"minecraft:jump":99,"minecraft:time_since_death":5920,"minecraft:drop":1,"minecraft:sprint_one_cm":17328,"minecraft:open_chest":1,"minecraft:fall_one_cm":2024,"minecraft:total_world_time":5920,"minecraft:fly_one_cm":16337},"minecraft:picked_up":{"minecraft:brown_shulker_box":1,"minecraft:oak_log":4,"minecraft:birch_sapling":1}},"DataVersion":4440}