{"minecraft:recipes/decorations/crafting_table":{"criteria":{"unlock_right_away":"2025-09-16 18:58:35 +0000"},"done":true},"minecraft:adventure/adventuring_time":{"criteria":{"minecraft:old_growth_birch_forest":"2025-09-16 18:59:20 +0000","minecraft:forest":"2025-09-16 19:10:44 +0000","minecraft:river":"2025-09-16 18:59:19 +0000","minecraft:birch_forest":"2025-09-16 18:58:35 +0000","minecraft:plains":"2025-09-16 19:17:08 +0000"},"done":false},"minecraft:story/shiny_gear":{"criteria":{"diamond_helmet":"2025-09-16 18:59:28 +0000"},"done":true},"minecraft:recipes/decorations/chest":{"criteria":{"has_lots_of_items":"2025-09-16 18:59:39 +0000"},"done":true},"minecraft:recipes/misc/blue_dye":{"criteria":{"has_lapis_lazuli":"2025-09-16 18:59:44 +0000"},"done":true},"minecraft:recipes/building_blocks/lapis_block":{"criteria":{"has_lapis_lazuli":"2025-09-16 18:59:44 +0000"},"done":true},"minecraft:story/enchant_item":{"criteria":{"enchanted_item":"2025-09-16 19:00:30 +0000"},"done":true},"minecraft:recipes/decorations/red_shulker_box":{"criteria":{"has_shulker_box":"2025-09-16 19:00:52 +0000"},"done":true},"minecraft:recipes/decorations/yellow_shulker_box":{"criteria":{"has_shulker_box":"2025-09-16 19:00:52 +0000"},"done":true},"minecraft:recipes/decorations/gray_shulker_box":{"criteria":{"has_shulker_box":"2025-09-16 19:00:52 +0000"},"done":true},"minecraft:recipes/decorations/lime_shulker_box":{"criteria":{"has_shulker_box":"2025-09-16 19:00:52 +0000"},"done":true},"minecraft:recipes/decorations/purple_shulker_box":{"criteria":{"has_shulker_box":"2025-09-16 19:00:52 +0000"},"done":true},"minecraft:recipes/decorations/pink_shulker_box":{"criteria":{"has_shulker_box":"2025-09-16 19:00:52 +0000"},"done":true},"minecraft:recipes/decorations/cyan_shulker_box":{"criteria":{"has_shulker_box":"2025-09-16 19:00:52 +0000"},"done":true},"minecraft:recipes/decorations/white_shulker_box":{"criteria":{"has_shulker_box":"2025-09-16 19:00:52 +0000"},"done":true},"minecraft:recipes/decorations/green_shulker_box":{"criteria":{"has_shulker_box":"2025-09-16 19:00:52 +0000"},"done":true},"minecraft:recipes/decorations/brown_shulker_box":{"criteria":{"has_shulker_box":"2025-09-16 19:00:52 +0000"},"done":true},"minecraft:recipes/decorations/light_blue_shulker_box":{"criteria":{"has_shulker_box":"2025-09-16 19:00:52 +0000"},"done":true},"minecraft:recipes/decorations/magenta_shulker_box":{"criteria":{"has_shulker_box":"2025-09-16 19:00:52 +0000"},"done":true},"minecraft:recipes/decorations/light_gray_shulker_box":{"criteria":{"has_shulker_box":"2025-09-16 19:00:52 +0000"},"done":true},"minecraft:recipes/decorations/blue_shulker_box":{"criteria":{"has_shulker_box":"2025-09-16 19:00:52 +0000"},"done":true},"minecraft:recipes/decorations/orange_shulker_box":{"criteria":{"has_shulker_box":"2025-09-16 19:00:52 +0000"},"done":true},"minecraft:recipes/decorations/black_shulker_box":{"criteria":{"has_shulker_box":"2025-09-16 19:00:52 +0000"},"done":true},"minecraft:recipes/transportation/mangrove_boat":{"criteria":{"in_water":"2025-09-16 19:16:39 +0000"},"done":true},"minecraft:recipes/decorations/torch":{"criteria":{"has_stone_pickaxe":"2025-09-16 19:18:21 +0000"},"done":true},"minecraft:story/obtain_armor":{"criteria":{"iron_helmet":"2025-09-16 19:17:41 +0000"},"done":true},"minecraft:recipes/misc/iron_nugget_from_smelting":{"criteria":{"has_chainmail_helmet":"2025-09-16 19:14:02 +0000"},"done":true},"minecraft:recipes/misc/book":{"criteria":{"has_paper":"2025-09-16 19:16:12 +0000"},"done":true},"minecraft:recipes/misc/gold_nugget_from_smelting":{"criteria":{"has_golden_helmet":"2025-09-16 19:17:44 +0000"},"done":true},"minecraft:story/upgrade_tools":{"criteria":{"stone_pickaxe":"2025-09-16 19:18:21 +0000"},"done":true},"minecraft:recipes/misc/gold_nugget_from_blasting":{"criteria":{"has_golden_helmet":"2025-09-16 19:17:44 +0000"},"done":true},"minecraft:recipes/redstone/dispenser":{"criteria":{"has_bow":"2025-09-16 19:14:16 +0000"},"done":true},"minecraft:recipes/transportation/acacia_boat":{"criteria":{"in_water":"2025-09-16 19:16:39 +0000"},"done":true},"minecraft:recipes/transportation/cherry_boat":{"criteria":{"in_water":"2025-09-16 19:16:39 +0000"},"done":true},"minecraft:recipes/decorations/cartography_table":{"criteria":{"has_paper":"2025-09-16 19:16:12 +0000"},"done":true},"minecraft:recipes/misc/iron_nugget_from_blasting":{"criteria":{"has_chainmail_helmet":"2025-09-16 19:14:02 +0000"},"done":true},"minecraft:recipes/transportation/pale_oak_boat":{"criteria":{"in_water":"2025-09-16 19:16:39 +0000"},"done":true},"minecraft:recipes/transportation/bamboo_raft":{"criteria":{"in_water":"2025-09-16 19:16:39 +0000"},"done":true},"minecraft:recipes/transportation/spruce_boat":{"criteria":{"in_water":"2025-09-16 19:16:39 +0000"},"done":true},"minecraft:recipes/transportation/birch_boat":{"criteria":{"in_water":"2025-09-16 19:16:39 +0000"},"done":true},"minecraft:recipes/transportation/oak_boat":{"criteria":{"in_water":"2025-09-16 19:16:39 +0000"},"done":true},"minecraft:recipes/transportation/jungle_boat":{"criteria":{"in_water":"2025-09-16 19:16:39 +0000"},"done":true},"minecraft:recipes/transportation/dark_oak_boat":{"criteria":{"in_water":"2025-09-16 19:16:39 +0000"},"done":true},"minecraft:recipes/misc/mojang_banner_pattern":{"criteria":{"has_enchanted_golden_apple":"2025-09-16 19:18:01 +0000"},"done":true},"DataVersion":4440}