{"minecraft:recipes/decorations/crafting_table":{"criteria":{"unlock_right_away":"2025-08-26 17:55:58 +0000"},"done":true},"minecraft:adventure/adventuring_time":{"criteria":{"minecraft:mushroom_fields":"2025-08-27 21:28:31 +0000","minecraft:forest":"2025-08-26 18:03:34 +0000","minecraft:taiga":"2025-08-27 18:34:40 +0000","minecraft:lush_caves":"2025-08-27 21:19:04 +0000","minecraft:eroded_badlands":"2025-08-27 21:04:35 +0000","minecraft:jungle":"2025-08-26 17:57:49 +0000","minecraft:sunflower_plains":"2025-08-27 17:56:37 +0000","minecraft:cherry_grove":"2025-08-27 20:16:25 +0000","minecraft:old_growth_spruce_taiga":"2025-08-27 21:49:53 +0000","minecraft:bamboo_jungle":"2025-08-26 17:55:59 +0000","minecraft:warm_ocean":"2025-08-27 20:52:20 +0000","minecraft:badlands":"2025-08-27 18:43:06 +0000","minecraft:flower_forest":"2025-08-27 18:39:06 +0000","minecraft:stony_peaks":"2025-08-26 20:16:55 +0000","minecraft:dark_forest":"2025-08-26 20:46:29 +0000","minecraft:sparse_jungle":"2025-08-26 17:59:20 +0000","minecraft:river":"2025-08-26 22:05:38 +0000","minecraft:stony_shore":"2025-08-27 20:52:17 +0000","minecraft:dripstone_caves":"2025-08-26 17:57:46 +0000","minecraft:old_growth_birch_forest":"2025-08-27 20:57:51 +0000","minecraft:deep_dark":"2025-08-26 18:27:27 +0000","minecraft:grove":"2025-08-27 18:36:39 +0000","minecraft:meadow":"2025-08-27 18:39:18 +0000","minecraft:savanna":"2025-08-27 02:41:36 +0000","minecraft:plains":"2025-08-26 18:15:28 +0000","minecraft:pale_garden":"2025-08-26 20:46:58 +0000"},"done":false},"minecraft:recipes/redstone/lever":{"criteria":{"has_cobblestone":"2025-08-26 17:55:59 +0000"},"done":true},"minecraft:recipes/combat/stone_sword":{"criteria":{"has_cobblestone":"2025-08-26 17:55:59 +0000"},"done":true},"minecraft:recipes/decorations/cobblestone_wall":{"criteria":{"has_cobblestone":"2025-08-26 17:55:59 +0000"},"done":true},"minecraft:recipes/tools/stone_pickaxe":{"criteria":{"has_cobblestone":"2025-08-26 17:55:59 +0000"},"done":true},"minecraft:recipes/tools/stone_axe":{"criteria":{"has_cobblestone":"2025-08-26 17:55:59 +0000"},"done":true},"minecraft:story/mine_stone":{"criteria":{"get_stone":"2025-08-26 17:55:59 +0000"},"done":true},"minecraft:recipes/decorations/furnace":{"criteria":{"has_cobblestone":"2025-08-26 17:55:59 +0000"},"done":true},"minecraft:recipes/building_blocks/cobblestone_slab":{"criteria":{"has_cobblestone":"2025-08-26 17:55:59 +0000"},"done":true},"minecraft:recipes/building_blocks/cobblestone_slab_from_cobblestone_stonecutting":{"criteria":{"has_cobblestone":"2025-08-26 17:55:59 +0000"},"done":true},"minecraft:recipes/building_blocks/stone":{"criteria":{"has_cobblestone":"2025-08-26 17:55:59 +0000"},"done":true},"minecraft:recipes/decorations/cobblestone_wall_from_cobblestone_stonecutting":{"criteria":{"has_cobblestone":"2025-08-26 17:55:59 +0000"},"done":true},"minecraft:recipes/building_blocks/cobblestone_stairs_from_cobblestone_stonecutting":{"criteria":{"has_cobblestone":"2025-08-26 17:55:59 +0000"},"done":true},"minecraft:recipes/building_blocks/cobblestone_stairs":{"criteria":{"has_cobblestone":"2025-08-26 17:55:59 +0000"},"done":true},"minecraft:recipes/tools/stone_hoe":{"criteria":{"has_cobblestone":"2025-08-26 17:55:59 +0000"},"done":true},"minecraft:recipes/tools/stone_shovel":{"criteria":{"has_cobblestone":"2025-08-26 17:55:59 +0000"},"done":true},"minecraft:recipes/misc/iron_nugget_from_smelting":{"criteria":{"has_iron_pickaxe":"2025-08-26 17:55:59 +0000"},"done":true},"minecraft:story/iron_tools":{"criteria":{"iron_pickaxe":"2025-08-26 17:55:59 +0000"},"done":true},"minecraft:recipes/decorations/chest":{"criteria":{"has_lots_of_items":"2025-08-26 17:55:59 +0000"},"done":true},"minecraft:recipes/misc/iron_nugget_from_blasting":{"criteria":{"has_iron_pickaxe":"2025-08-26 17:55:59 +0000"},"done":true},"minecraft:recipes/decorations/ladder":{"criteria":{"has_stick":"2025-08-26 17:56:07 +0000"},"done":true},"minecraft:recipes/decorations/campfire":{"criteria":{"has_stick":"2025-08-26 17:56:07 +0000"},"done":true},"minecraft:recipes/tools/wooden_hoe":{"criteria":{"has_stick":"2025-08-26 17:56:07 +0000"},"done":true},"minecraft:recipes/tools/wooden_pickaxe":{"criteria":{"has_stick":"2025-08-26 17:56:07 +0000"},"done":true},"minecraft:recipes/tools/wooden_axe":{"criteria":{"has_stick":"2025-08-26 17:56:07 +0000"},"done":true},"minecraft:recipes/tools/wooden_shovel":{"criteria":{"has_stick":"2025-08-26 17:56:07 +0000"},"done":true},"minecraft:recipes/combat/wooden_sword":{"criteria":{"has_stick":"2025-08-26 17:56:07 +0000"},"done":true},"minecraft:recipes/misc/bone_meal":{"criteria":{"has_bone":"2025-08-26 17:56:07 +0000"},"done":true},"minecraft:recipes/misc/stick_from_bamboo_item":{"criteria":{"has_bamboo":"2025-08-26 17:56:07 +0000"},"done":true},"minecraft:recipes/building_blocks/bamboo_block":{"criteria":{"has_bamboo":"2025-08-26 17:56:07 +0000"},"done":true},"minecraft:recipes/decorations/scaffolding":{"criteria":{"has_bamboo":"2025-08-26 17:56:07 +0000"},"done":true},"minecraft:recipes/misc/gold_nugget_from_smelting":{"criteria":{"has_golden_leggings":"2025-08-26 17:57:01 +0000"},"done":true},"minecraft:recipes/misc/gold_nugget_from_blasting":{"criteria":{"has_golden_leggings":"2025-08-26 17:57:01 +0000"},"done":true},"minecraft:recipes/building_blocks/coal_block":{"criteria":{"has_coal":"2025-08-26 17:57:01 +0000"},"done":true},"minecraft:adventure/root":{"criteria":{"killed_something":"2025-08-26 17:57:05 +0000"},"done":true},"minecraft:story/obtain_armor":{"criteria":{"iron_helmet":"2025-08-26 17:57:07 +0000"},"done":true},"minecraft:adventure/kill_all_mobs":{"criteria":{"minecraft:skeleton":"2025-08-26 19:11:58 +0000","minecraft:phantom":"2025-08-27 23:03:37 +0000","minecraft:vindicator":"2025-08-27 19:36:09 +0000","minecraft:enderman":"2025-08-27 23:15:21 +0000","minecraft:spider":"2025-08-26 18:15:34 +0000","minecraft:zombie":"2025-08-26 17:57:14 +0000","minecraft:creeper":"2025-08-26 19:15:46 +0000","minecraft:shulker":"2025-08-27 18:09:40 +0000"},"done":false},"minecraft:adventure/kill_a_mob":{"criteria":{"minecraft:zombie":"2025-08-26 17:57:14 +0000"},"done":true},"minecraft:recipes/decorations/torch":{"criteria":{"has_stone_pickaxe":"2025-08-26 17:57:29 +0000"},"done":true},"minecraft:story/upgrade_tools":{"criteria":{"stone_pickaxe":"2025-08-26 17:57:29 +0000"},"done":true},"minecraft:husbandry/balanced_diet":{"criteria":{"cooked_porkchop":"2025-08-26 20:55:23 +0000","cooked_chicken":"2025-08-26 18:08:36 +0000","rotten_flesh":"2025-08-26 19:15:18 +0000","cooked_mutton":"2025-08-26 19:37:12 +0000","cooked_beef":"2025-08-26 18:15:51 +0000","baked_potato":"2025-08-26 20:33:07 +0000","melon_slice":"2025-08-26 18:08:10 +0000","poisonous_potato":"2025-08-26 21:15:40 +0000","pumpkin_pie":"2025-08-26 17:58:36 +0000"},"done":false},"minecraft:husbandry/root":{"criteria":{"consumed_item":"2025-08-26 17:58:36 +0000"},"done":true},"minecraft:recipes/misc/melon_seeds":{"criteria":{"has_melon":"2025-08-26 17:59:23 +0000"},"done":true},"minecraft:recipes/brewing/glistering_melon_slice":{"criteria":{"has_melon":"2025-08-26 17:59:23 +0000"},"done":true},"minecraft:recipes/building_blocks/melon":{"criteria":{"has_melon":"2025-08-26 17:59:23 +0000"},"done":true},"minecraft:recipes/food/cooked_chicken_from_campfire_cooking":{"criteria":{"has_chicken":"2025-08-26 17:59:47 +0000"},"done":true},"minecraft:recipes/food/cooked_chicken":{"criteria":{"has_chicken":"2025-08-26 17:59:47 +0000"},"done":true},"minecraft:recipes/food/cooked_chicken_from_smoking":{"criteria":{"has_chicken":"2025-08-26 17:59:47 +0000"},"done":true},"minecraft:recipes/food/cooked_beef_from_smoking":{"criteria":{"has_beef":"2025-08-26 18:00:37 +0000"},"done":true},"minecraft:recipes/food/cooked_beef":{"criteria":{"has_beef":"2025-08-26 18:00:37 +0000"},"done":true},"minecraft:recipes/food/cooked_beef_from_campfire_cooking":{"criteria":{"has_beef":"2025-08-26 18:00:37 +0000"},"done":true},"minecraft:recipes/combat/leather_helmet":{"criteria":{"has_leather":"2025-08-26 18:00:43 +0000"},"done":true},"minecraft:recipes/combat/leather_leggings":{"criteria":{"has_leather":"2025-08-26 18:00:43 +0000"},"done":true},"minecraft:recipes/decorations/item_frame":{"criteria":{"has_leather":"2025-08-26 18:00:43 +0000"},"done":true},"minecraft:recipes/combat/leather_chestplate":{"criteria":{"has_leather":"2025-08-26 18:00:43 +0000"},"done":true},"minecraft:recipes/combat/leather_boots":{"criteria":{"has_leather":"2025-08-26 18:00:43 +0000"},"done":true},"minecraft:recipes/misc/leather_horse_armor":{"criteria":{"has_leather":"2025-08-26 18:00:43 +0000"},"done":true},"minecraft:recipes/combat/saddle":{"criteria":{"has_leather":"2025-08-26 18:00:43 +0000"},"done":true},"minecraft:recipes/transportation/mangrove_boat":{"criteria":{"in_water":"2025-08-26 18:01:16 +0000"},"done":true},"minecraft:recipes/transportation/acacia_boat":{"criteria":{"in_water":"2025-08-26 18:01:16 +0000"},"done":true},"minecraft:recipes/transportation/cherry_boat":{"criteria":{"in_water":"2025-08-26 18:01:16 +0000"},"done":true},"minecraft:recipes/transportation/pale_oak_boat":{"criteria":{"in_water":"2025-08-26 18:01:16 +0000"},"done":true},"minecraft:recipes/transportation/bamboo_raft":{"criteria":{"in_water":"2025-08-26 18:01:16 +0000"},"done":true},"minecraft:recipes/transportation/spruce_boat":{"criteria":{"in_water":"2025-08-26 18:01:16 +0000"},"done":true},"minecraft:recipes/transportation/birch_boat":{"criteria":{"in_water":"2025-08-26 18:01:16 +0000"},"done":true},"minecraft:recipes/transportation/oak_boat":{"criteria":{"in_water":"2025-08-26 18:01:16 +0000"},"done":true},"minecraft:recipes/transportation/jungle_boat":{"criteria":{"in_water":"2025-08-26 18:01:16 +0000"},"done":true},"minecraft:recipes/transportation/dark_oak_boat":{"criteria":{"in_water":"2025-08-26 18:01:16 +0000"},"done":true},"minecraft:recipes/food/cake":{"criteria":{"has_egg":"2025-08-26 18:03:06 +0000"},"done":true},"minecraft:recipes/combat/arrow":{"criteria":{"has_feather":"2025-08-26 18:03:07 +0000"},"done":true},"minecraft:recipes/misc/charcoal":{"criteria":{"has_log":"2025-08-26 18:04:05 +0000"},"done":true},"minecraft:recipes/building_blocks/oak_planks":{"criteria":{"has_logs":"2025-08-26 18:04:05 +0000"},"done":true},"minecraft:recipes/building_blocks/oak_wood":{"criteria":{"has_log":"2025-08-26 18:04:05 +0000"},"done":true},"minecraft:recipes/building_blocks/oak_slab":{"criteria":{"has_planks":"2025-08-26 18:07:43 +0000"},"done":true},"minecraft:recipes/decorations/oak_sign":{"criteria":{"has_planks":"2025-08-26 18:07:43 +0000"},"done":true},"minecraft:recipes/redstone/oak_trapdoor":{"criteria":{"has_planks":"2025-08-26 18:07:43 +0000"},"done":true},"minecraft:recipes/redstone/oak_fence_gate":{"criteria":{"has_planks":"2025-08-26 18:07:43 +0000"},"done":true},"minecraft:recipes/redstone/oak_pressure_plate":{"criteria":{"has_planks":"2025-08-26 18:07:43 +0000"},"done":true},"minecraft:recipes/redstone/oak_door":{"criteria":{"has_planks":"2025-08-26 18:07:43 +0000"},"done":true},"minecraft:recipes/misc/stick":{"criteria":{"has_planks":"2025-08-26 18:07:43 +0000"},"done":true},"minecraft:recipes/building_blocks/oak_stairs":{"criteria":{"has_planks":"2025-08-26 18:07:43 +0000"},"done":true},"minecraft:recipes/decorations/oak_fence":{"criteria":{"has_planks":"2025-08-26 18:07:43 +0000"},"done":true},"minecraft:recipes/decorations/barrel":{"criteria":{"has_planks":"2025-08-26 18:07:43 +0000"},"done":true},"minecraft:recipes/redstone/oak_button":{"criteria":{"has_planks":"2025-08-26 18:07:43 +0000"},"done":true},"minecraft:story/root":{"criteria":{"crafting_table":"2025-08-26 18:07:45 +0000"},"done":true},"minecraft:recipes/decorations/smoker":{"criteria":{"has_furnace":"2025-08-26 18:07:50 +0000"},"done":true},"minecraft:recipes/building_blocks/birch_planks":{"criteria":{"has_logs":"2025-08-26 18:12:44 +0000"},"done":true},"minecraft:recipes/building_blocks/birch_wood":{"criteria":{"has_log":"2025-08-26 18:12:44 +0000"},"done":true},"minecraft:recipes/combat/bow":{"criteria":{"has_string":"2025-08-26 18:15:35 +0000"},"done":true},"minecraft:recipes/tools/fishing_rod":{"criteria":{"has_string":"2025-08-26 18:15:35 +0000"},"done":true},"minecraft:recipes/building_blocks/white_wool_from_string":{"criteria":{"has_string":"2025-08-26 18:15:35 +0000"},"done":true},"minecraft:recipes/redstone/tripwire_hook":{"criteria":{"has_string":"2025-08-26 18:15:35 +0000"},"done":true},"minecraft:recipes/combat/crossbow":{"criteria":{"has_string":"2025-08-26 18:15:35 +0000"},"done":true},"minecraft:recipes/decorations/candle":{"criteria":{"has_string":"2025-08-26 18:15:35 +0000"},"done":true},"minecraft:recipes/decorations/loom":{"criteria":{"has_string":"2025-08-26 18:15:35 +0000"},"done":true},"minecraft:recipes/tools/bundle":{"criteria":{"has_string":"2025-08-26 18:15:35 +0000"},"done":true},"minecraft:recipes/tools/lead":{"criteria":{"has_string":"2025-08-26 18:15:35 +0000"},"done":true},"minecraft:recipes/brewing/fermented_spider_eye":{"criteria":{"has_spider_eye":"2025-08-26 18:15:42 +0000"},"done":true},"minecraft:recipes/combat/iron_sword":{"criteria":{"has_iron_ingot":"2025-08-26 18:24:15 +0000"},"done":true},"minecraft:recipes/tools/iron_pickaxe":{"criteria":{"has_iron_ingot":"2025-08-26 18:24:15 +0000"},"done":true},"minecraft:recipes/combat/iron_leggings":{"criteria":{"has_iron_ingot":"2025-08-26 18:24:15 +0000"},"done":true},"minecraft:recipes/combat/shield":{"criteria":{"has_iron_ingot":"2025-08-26 18:24:15 +0000"},"done":true},"minecraft:recipes/redstone/hopper":{"criteria":{"has_iron_ingot":"2025-08-26 18:24:15 +0000"},"done":true},"minecraft:recipes/decorations/iron_bars":{"criteria":{"has_iron_ingot":"2025-08-26 18:24:15 +0000"},"done":true},"minecraft:recipes/combat/iron_boots":{"criteria":{"has_iron_ingot":"2025-08-26 18:24:15 +0000"},"done":true},"minecraft:recipes/combat/iron_chestplate":{"criteria":{"has_iron_ingot":"2025-08-26 18:24:15 +0000"},"done":true},"minecraft:recipes/decorations/lantern":{"criteria":{"has_iron_ingot":"2025-08-26 18:24:15 +0000"},"done":true},"minecraft:recipes/misc/iron_nugget":{"criteria":{"has_iron_ingot":"2025-08-26 18:24:15 +0000"},"done":true},"minecraft:recipes/misc/bucket":{"criteria":{"has_iron_ingot":"2025-08-26 18:24:15 +0000"},"done":true},"minecraft:recipes/combat/iron_helmet":{"criteria":{"has_iron_ingot":"2025-08-26 18:24:15 +0000"},"done":true},"minecraft:recipes/transportation/minecart":{"criteria":{"has_iron_ingot":"2025-08-26 18:24:15 +0000"},"done":true},"minecraft:recipes/tools/iron_hoe":{"criteria":{"has_iron_ingot":"2025-08-26 18:24:15 +0000"},"done":true},"minecraft:recipes/tools/iron_shovel":{"criteria":{"has_iron_ingot":"2025-08-26 18:24:15 +0000"},"done":true},"minecraft:story/smelt_iron":{"criteria":{"iron":"2025-08-26 18:24:15 +0000"},"done":true},"minecraft:recipes/tools/shears":{"criteria":{"has_iron_ingot":"2025-08-26 18:24:15 +0000"},"done":true},"minecraft:recipes/redstone/iron_trapdoor":{"criteria":{"has_iron_ingot":"2025-08-26 18:24:15 +0000"},"done":true},"minecraft:recipes/decorations/chain":{"criteria":{"has_iron_ingot":"2025-08-26 18:24:15 +0000"},"done":true},"minecraft:recipes/building_blocks/iron_block":{"criteria":{"has_iron_ingot":"2025-08-26 18:24:15 +0000"},"done":true},"minecraft:recipes/tools/iron_axe":{"criteria":{"has_iron_ingot":"2025-08-26 18:24:15 +0000"},"done":true},"minecraft:recipes/decorations/smithing_table":{"criteria":{"has_iron_ingot":"2025-08-26 18:24:15 +0000"},"done":true},"minecraft:recipes/decorations/lodestone":{"criteria":{"has_iron_ingot":"2025-08-26 18:24:15 +0000"},"done":true},"minecraft:recipes/redstone/iron_door":{"criteria":{"has_iron_ingot":"2025-08-26 18:24:15 +0000"},"done":true},"minecraft:recipes/redstone/heavy_weighted_pressure_plate":{"criteria":{"has_iron_ingot":"2025-08-26 18:24:15 +0000"},"done":true},"minecraft:recipes/misc/iron_ingot_from_smelting_raw_iron":{"criteria":{"has_raw_iron":"2025-08-26 18:25:41 +0000"},"done":true},"minecraft:recipes/building_blocks/raw_iron_block":{"criteria":{"has_raw_iron":"2025-08-26 18:25:41 +0000"},"done":true},"minecraft:recipes/misc/iron_ingot_from_blasting_raw_iron":{"criteria":{"has_raw_iron":"2025-08-26 18:25:41 +0000"},"done":true},"minecraft:recipes/misc/blue_dye":{"criteria":{"has_lapis_lazuli":"2025-08-26 18:29:42 +0000"},"done":true},"minecraft:recipes/building_blocks/lapis_block":{"criteria":{"has_lapis_lazuli":"2025-08-26 18:29:42 +0000"},"done":true},"minecraft:adventure/avoid_vibration":{"criteria":{"avoid_vibration":"2025-08-26 18:32:02 +0000"},"done":true},"minecraft:recipes/combat/diamond_leggings":{"criteria":{"has_diamond":"2025-08-26 18:35:28 +0000"},"done":true},"minecraft:recipes/combat/diamond_sword":{"criteria":{"has_diamond":"2025-08-26 18:35:28 +0000"},"done":true},"minecraft:recipes/decorations/jukebox":{"criteria":{"has_diamond":"2025-08-26 18:35:28 +0000"},"done":true},"minecraft:recipes/combat/diamond_chestplate":{"criteria":{"has_diamond":"2025-08-26 18:35:28 +0000"},"done":true},"minecraft:recipes/combat/diamond_helmet":{"criteria":{"has_diamond":"2025-08-26 18:35:28 +0000"},"done":true},"minecraft:recipes/tools/diamond_pickaxe":{"criteria":{"has_diamond":"2025-08-26 18:35:28 +0000"},"done":true},"minecraft:recipes/building_blocks/diamond_block":{"criteria":{"has_diamond":"2025-08-26 18:35:28 +0000"},"done":true},"minecraft:recipes/tools/diamond_hoe":{"criteria":{"has_diamond":"2025-08-26 18:35:28 +0000"},"done":true},"minecraft:recipes/tools/diamond_shovel":{"criteria":{"has_diamond":"2025-08-26 18:35:28 +0000"},"done":true},"minecraft:story/mine_diamond":{"criteria":{"diamond":"2025-08-26 18:35:28 +0000"},"done":true},"minecraft:recipes/tools/diamond_axe":{"criteria":{"has_diamond":"2025-08-26 18:35:28 +0000"},"done":true},"minecraft:recipes/combat/diamond_boots":{"criteria":{"has_diamond":"2025-08-26 18:35:28 +0000"},"done":true},"minecraft:recipes/building_blocks/polished_deepslate":{"criteria":{"has_cobbled_deepslate":"2025-08-26 18:35:57 +0000"},"done":true},"minecraft:recipes/building_blocks/deepslate_tile_stairs_from_cobbled_deepslate_stonecutting":{"criteria":{"has_cobbled_deepslate":"2025-08-26 18:35:57 +0000"},"done":true},"minecraft:recipes/decorations/deepslate_brick_wall_from_cobbled_deepslate_stonecutting":{"criteria":{"has_cobbled_deepslate":"2025-08-26 18:35:57 +0000"},"done":true},"minecraft:recipes/building_blocks/polished_deepslate_from_cobbled_deepslate_stonecutting":{"criteria":{"has_cobbled_deepslate":"2025-08-26 18:35:57 +0000"},"done":true},"minecraft:recipes/building_blocks/polished_deepslate_slab_from_cobbled_deepslate_stonecutting":{"criteria":{"has_cobbled_deepslate":"2025-08-26 18:35:57 +0000"},"done":true},"minecraft:recipes/building_blocks/deepslate_brick_stairs_from_cobbled_deepslate_stonecutting":{"criteria":{"has_cobbled_deepslate":"2025-08-26 18:35:57 +0000"},"done":true},"minecraft:recipes/building_blocks/deepslate_brick_slab_from_cobbled_deepslate_stonecutting":{"criteria":{"has_cobbled_deepslate":"2025-08-26 18:35:57 +0000"},"done":true},"minecraft:recipes/building_blocks/cobbled_deepslate_slab_from_cobbled_deepslate_stonecutting":{"criteria":{"has_cobbled_deepslate":"2025-08-26 18:35:57 +0000"},"done":true},"minecraft:recipes/building_blocks/deepslate_tile_slab_from_cobbled_deepslate_stonecutting":{"criteria":{"has_cobbled_deepslate":"2025-08-26 18:35:57 +0000"},"done":true},"minecraft:recipes/building_blocks/cobbled_deepslate_stairs":{"criteria":{"has_cobbled_deepslate":"2025-08-26 18:35:57 +0000"},"done":true},"minecraft:recipes/building_blocks/chiseled_deepslate_from_cobbled_deepslate_stonecutting":{"criteria":{"has_cobbled_deepslate":"2025-08-26 18:35:57 +0000"},"done":true},"minecraft:recipes/building_blocks/cobbled_deepslate_slab":{"criteria":{"has_cobbled_deepslate":"2025-08-26 18:35:57 +0000"},"done":true},"minecraft:recipes/decorations/cobbled_deepslate_wall_from_cobbled_deepslate_stonecutting":{"criteria":{"has_cobbled_deepslate":"2025-08-26 18:35:57 +0000"},"done":true},"minecraft:recipes/decorations/deepslate_tile_wall_from_cobbled_deepslate_stonecutting":{"criteria":{"has_cobbled_deepslate":"2025-08-26 18:35:57 +0000"},"done":true},"minecraft:recipes/decorations/cobbled_deepslate_wall":{"criteria":{"has_cobbled_deepslate":"2025-08-26 18:35:57 +0000"},"done":true},"minecraft:recipes/decorations/polished_deepslate_wall_from_cobbled_deepslate_stonecutting":{"criteria":{"has_cobbled_deepslate":"2025-08-26 18:35:57 +0000"},"done":true},"minecraft:recipes/building_blocks/deepslate_bricks_from_cobbled_deepslate_stonecutting":{"criteria":{"has_cobbled_deepslate":"2025-08-26 18:35:57 +0000"},"done":true},"minecraft:recipes/building_blocks/deepslate_tiles_from_cobbled_deepslate_stonecutting":{"criteria":{"has_cobbled_deepslate":"2025-08-26 18:35:57 +0000"},"done":true},"minecraft:recipes/building_blocks/cobbled_deepslate_stairs_from_cobbled_deepslate_stonecutting":{"criteria":{"has_cobbled_deepslate":"2025-08-26 18:35:57 +0000"},"done":true},"minecraft:recipes/building_blocks/deepslate":{"criteria":{"has_cobbled_deepslate":"2025-08-26 18:35:57 +0000"},"done":true},"minecraft:recipes/building_blocks/polished_deepslate_stairs_from_cobbled_deepslate_stonecutting":{"criteria":{"has_cobbled_deepslate":"2025-08-26 18:35:57 +0000"},"done":true},"minecraft:recipes/redstone/birch_button":{"criteria":{"has_planks":"2025-08-26 18:36:01 +0000"},"done":true},"minecraft:recipes/redstone/birch_door":{"criteria":{"has_planks":"2025-08-26 18:36:01 +0000"},"done":true},"minecraft:recipes/decorations/birch_fence":{"criteria":{"has_planks":"2025-08-26 18:36:01 +0000"},"done":true},"minecraft:recipes/redstone/birch_trapdoor":{"criteria":{"has_planks":"2025-08-26 18:36:01 +0000"},"done":true},"minecraft:recipes/decorations/birch_sign":{"criteria":{"has_planks":"2025-08-26 18:36:01 +0000"},"done":true},"minecraft:recipes/redstone/birch_fence_gate":{"criteria":{"has_planks":"2025-08-26 18:36:01 +0000"},"done":true},"minecraft:recipes/redstone/birch_pressure_plate":{"criteria":{"has_planks":"2025-08-26 18:36:01 +0000"},"done":true},"minecraft:recipes/building_blocks/birch_slab":{"criteria":{"has_planks":"2025-08-26 18:36:01 +0000"},"done":true},"minecraft:recipes/building_blocks/birch_stairs":{"criteria":{"has_planks":"2025-08-26 18:36:01 +0000"},"done":true},"minecraft:story/shiny_gear":{"criteria":{"diamond_chestplate":"2025-08-26 18:36:21 +0000"},"done":true},"minecraft:recipes/building_blocks/lime_concrete_powder":{"criteria":{"has_gravel":"2025-08-26 18:37:31 +0000"},"done":true},"minecraft:recipes/building_blocks/coarse_dirt":{"criteria":{"has_gravel":"2025-08-26 18:37:31 +0000"},"done":true},"minecraft:recipes/building_blocks/light_gray_concrete_powder":{"criteria":{"has_gravel":"2025-08-26 18:37:31 +0000"},"done":true},"minecraft:recipes/building_blocks/pink_concrete_powder":{"criteria":{"has_gravel":"2025-08-26 18:37:31 +0000"},"done":true},"minecraft:recipes/building_blocks/orange_concrete_powder":{"criteria":{"has_gravel":"2025-08-26 18:37:31 +0000"},"done":true},"minecraft:recipes/building_blocks/red_concrete_powder":{"criteria":{"has_gravel":"2025-08-26 18:37:31 +0000"},"done":true},"minecraft:recipes/building_blocks/magenta_concrete_powder":{"criteria":{"has_gravel":"2025-08-26 18:37:31 +0000"},"done":true},"minecraft:recipes/building_blocks/brown_concrete_powder":{"criteria":{"has_gravel":"2025-08-26 18:37:31 +0000"},"done":true},"minecraft:recipes/building_blocks/light_blue_concrete_powder":{"criteria":{"has_gravel":"2025-08-26 18:37:31 +0000"},"done":true},"minecraft:recipes/building_blocks/green_concrete_powder":{"criteria":{"has_gravel":"2025-08-26 18:37:31 +0000"},"done":true},"minecraft:recipes/building_blocks/blue_concrete_powder":{"criteria":{"has_gravel":"2025-08-26 18:37:31 +0000"},"done":true},"minecraft:recipes/building_blocks/yellow_concrete_powder":{"criteria":{"has_gravel":"2025-08-26 18:37:31 +0000"},"done":true},"minecraft:recipes/building_blocks/white_concrete_powder":{"criteria":{"has_gravel":"2025-08-26 18:37:31 +0000"},"done":true},"minecraft:recipes/building_blocks/gray_concrete_powder":{"criteria":{"has_gravel":"2025-08-26 18:37:31 +0000"},"done":true},"minecraft:recipes/building_blocks/black_concrete_powder":{"criteria":{"has_gravel":"2025-08-26 18:37:31 +0000"},"done":true},"minecraft:recipes/building_blocks/purple_concrete_powder":{"criteria":{"has_gravel":"2025-08-26 18:37:31 +0000"},"done":true},"minecraft:recipes/building_blocks/cyan_concrete_powder":{"criteria":{"has_gravel":"2025-08-26 18:37:31 +0000"},"done":true},"minecraft:recipes/misc/white_dye":{"criteria":{"has_bone_meal":"2025-08-26 18:42:47 +0000"},"done":true},"minecraft:recipes/building_blocks/bone_block":{"criteria":{"has_bone_meal":"2025-08-26 18:42:47 +0000"},"done":true},"minecraft:recipes/building_blocks/chiseled_tuff_bricks_from_tuff_stonecutting":{"criteria":{"has_tuff":"2025-08-26 18:45:01 +0000"},"done":true},"minecraft:recipes/building_blocks/tuff_bricks_from_tuff_stonecutting":{"criteria":{"has_tuff":"2025-08-26 18:45:01 +0000"},"done":true},"minecraft:recipes/building_blocks/tuff_slab":{"criteria":{"has_tuff":"2025-08-26 18:45:01 +0000"},"done":true},"minecraft:recipes/building_blocks/tuff_brick_slab_from_tuff_stonecutting":{"criteria":{"has_tuff":"2025-08-26 18:45:01 +0000"},"done":true},"minecraft:recipes/decorations/polished_tuff_wall_from_tuff_stonecutting":{"criteria":{"has_tuff":"2025-08-26 18:45:01 +0000"},"done":true},"minecraft:recipes/decorations/tuff_wall":{"criteria":{"has_tuff":"2025-08-26 18:45:01 +0000"},"done":true},"minecraft:recipes/building_blocks/polished_tuff_slab_from_tuff_stonecutting":{"criteria":{"has_tuff":"2025-08-26 18:45:01 +0000"},"done":true},"minecraft:recipes/decorations/tuff_wall_from_tuff_stonecutting":{"criteria":{"has_tuff":"2025-08-26 18:45:01 +0000"},"done":true},"minecraft:recipes/building_blocks/tuff_stairs":{"criteria":{"has_tuff":"2025-08-26 18:45:01 +0000"},"done":true},"minecraft:recipes/decorations/tuff_brick_wall_from_tuff_stonecutting":{"criteria":{"has_tuff":"2025-08-26 18:45:01 +0000"},"done":true},"minecraft:recipes/building_blocks/chiseled_tuff_from_tuff_stonecutting":{"criteria":{"has_tuff":"2025-08-26 18:45:01 +0000"},"done":true},"minecraft:recipes/building_blocks/polished_tuff_stairs_from_tuff_stonecutting":{"criteria":{"has_tuff":"2025-08-26 18:45:01 +0000"},"done":true},"minecraft:recipes/building_blocks/tuff_stairs_from_tuff_stonecutting":{"criteria":{"has_tuff":"2025-08-26 18:45:01 +0000"},"done":true},"minecraft:recipes/building_blocks/tuff_brick_stairs_from_tuff_stonecutting":{"criteria":{"has_tuff":"2025-08-26 18:45:01 +0000"},"done":true},"minecraft:recipes/building_blocks/polished_tuff":{"criteria":{"has_tuff":"2025-08-26 18:45:01 +0000"},"done":true},"minecraft:recipes/building_blocks/tuff_slab_from_tuff_stonecutting":{"criteria":{"has_tuff":"2025-08-26 18:45:01 +0000"},"done":true},"minecraft:recipes/building_blocks/polished_tuff_from_tuff_stonecutting":{"criteria":{"has_tuff":"2025-08-26 18:45:01 +0000"},"done":true},"minecraft:recipes/redstone/jungle_trapdoor":{"criteria":{"has_planks":"2025-08-26 18:54:06 +0000"},"done":true},"minecraft:recipes/decorations/jungle_sign":{"criteria":{"has_planks":"2025-08-26 18:54:06 +0000"},"done":true},"minecraft:recipes/redstone/jungle_door":{"criteria":{"has_planks":"2025-08-26 18:54:06 +0000"},"done":true},"minecraft:recipes/decorations/jungle_fence":{"criteria":{"has_planks":"2025-08-26 18:54:06 +0000"},"done":true},"minecraft:recipes/redstone/jungle_pressure_plate":{"criteria":{"has_planks":"2025-08-26 18:54:06 +0000"},"done":true},"minecraft:recipes/redstone/jungle_button":{"criteria":{"has_planks":"2025-08-26 18:54:06 +0000"},"done":true},"minecraft:recipes/building_blocks/jungle_slab":{"criteria":{"has_planks":"2025-08-26 18:54:06 +0000"},"done":true},"minecraft:recipes/building_blocks/jungle_stairs":{"criteria":{"has_planks":"2025-08-26 18:54:06 +0000"},"done":true},"minecraft:recipes/redstone/jungle_fence_gate":{"criteria":{"has_planks":"2025-08-26 18:54:06 +0000"},"done":true},"minecraft:recipes/misc/raw_iron":{"criteria":{"has_raw_iron_block":"2025-08-26 19:09:03 +0000"},"done":true},"minecraft:recipes/redstone/redstone_torch":{"criteria":{"has_redstone":"2025-08-26 19:17:16 +0000"},"done":true},"minecraft:recipes/tools/clock":{"criteria":{"has_redstone":"2025-08-26 19:17:16 +0000"},"done":true},"minecraft:recipes/redstone/dropper":{"criteria":{"has_redstone":"2025-08-26 19:17:16 +0000"},"done":true},"minecraft:recipes/redstone/redstone_block":{"criteria":{"has_redstone":"2025-08-26 19:17:16 +0000"},"done":true},"minecraft:recipes/redstone/note_block":{"criteria":{"has_redstone":"2025-08-26 19:17:16 +0000"},"done":true},"minecraft:recipes/redstone/target":{"criteria":{"has_redstone":"2025-08-26 19:17:16 +0000"},"done":true},"minecraft:recipes/tools/compass":{"criteria":{"has_redstone":"2025-08-26 19:17:16 +0000"},"done":true},"minecraft:recipes/redstone/piston":{"criteria":{"has_redstone":"2025-08-26 19:17:16 +0000"},"done":true},"minecraft:story/deflect_arrow":{"criteria":{"deflected_projectile":"2025-08-26 19:17:53 +0000"},"done":true},"minecraft:recipes/misc/gold_ingot_from_smelting_raw_gold":{"criteria":{"has_raw_gold":"2025-08-26 19:18:41 +0000"},"done":true},"minecraft:recipes/building_blocks/raw_gold_block":{"criteria":{"has_raw_gold":"2025-08-26 19:18:41 +0000"},"done":true},"minecraft:recipes/misc/gold_ingot_from_blasting_raw_gold":{"criteria":{"has_raw_gold":"2025-08-26 19:18:41 +0000"},"done":true},"minecraft:recipes/decorations/glow_item_frame":{"criteria":{"has_glow_ink_sac":"2025-08-26 19:22:07 +0000"},"done":true},"minecraft:recipes/brewing/cauldron":{"criteria":{"has_water_bucket":"2025-08-26 19:22:24 +0000"},"done":true},"minecraft:recipes/food/suspicious_stew_from_dandelion":{"criteria":{"has_dandelion":"2025-08-26 19:29:38 +0000"},"done":true},"minecraft:recipes/misc/yellow_dye_from_dandelion":{"criteria":{"has_dandelion":"2025-08-26 19:29:38 +0000"},"done":true},"minecraft:husbandry/plant_seed":{"criteria":{"wheat":"2025-08-26 19:29:53 +0000"},"done":true},"minecraft:recipes/food/cooked_mutton_from_smoking":{"criteria":{"has_mutton":"2025-08-26 19:35:23 +0000"},"done":true},"minecraft:recipes/decorations/light_gray_bed":{"criteria":{"has_light_gray_wool":"2025-08-26 19:35:23 +0000"},"done":true},"minecraft:recipes/food/cooked_mutton":{"criteria":{"has_mutton":"2025-08-26 19:35:23 +0000"},"done":true},"minecraft:recipes/decorations/painting":{"criteria":{"has_wool":"2025-08-26 19:35:23 +0000"},"done":true},"minecraft:recipes/food/cooked_mutton_from_campfire_cooking":{"criteria":{"has_mutton":"2025-08-26 19:35:23 +0000"},"done":true},"minecraft:recipes/decorations/light_gray_banner":{"criteria":{"has_light_gray_wool":"2025-08-26 19:35:23 +0000"},"done":true},"minecraft:recipes/decorations/light_gray_carpet":{"criteria":{"has_light_gray_wool":"2025-08-26 19:35:23 +0000"},"done":true},"minecraft:recipes/decorations/white_banner":{"criteria":{"has_white_wool":"2025-08-26 19:35:33 +0000"},"done":true},"minecraft:recipes/decorations/white_bed":{"criteria":{"has_white_wool":"2025-08-26 19:35:33 +0000"},"done":true},"minecraft:recipes/decorations/white_carpet":{"criteria":{"has_white_wool":"2025-08-26 19:35:33 +0000"},"done":true},"minecraft:recipes/transportation/carrot_on_a_stick":{"criteria":{"has_carrot":"2025-08-26 19:47:31 +0000"},"done":true},"minecraft:recipes/food/baked_potato_from_campfire_cooking":{"criteria":{"has_potato":"2025-08-26 19:47:33 +0000"},"done":true},"minecraft:recipes/food/baked_potato_from_smoking":{"criteria":{"has_potato":"2025-08-26 19:47:33 +0000"},"done":true},"minecraft:recipes/food/baked_potato":{"criteria":{"has_potato":"2025-08-26 19:47:33 +0000"},"done":true},"minecraft:recipes/decorations/composter":{"criteria":{"has_wood_slab":"2025-08-26 19:50:46 +0000"},"done":true},"minecraft:recipes/misc/white_dye_from_lily_of_the_valley":{"criteria":{"has_lily_of_the_valley":"2025-08-26 19:56:20 +0000"},"done":true},"minecraft:recipes/food/suspicious_stew_from_lily_of_the_valley":{"criteria":{"has_lily_of_the_valley":"2025-08-26 19:56:20 +0000"},"done":true},"minecraft:recipes/building_blocks/jungle_wood":{"criteria":{"has_log":"2025-08-26 19:56:53 +0000"},"done":true},"minecraft:recipes/building_blocks/jungle_planks":{"criteria":{"has_logs":"2025-08-26 19:56:53 +0000"},"done":true},"minecraft:recipes/food/bread":{"criteria":{"has_wheat":"2025-08-26 19:58:54 +0000"},"done":true},"minecraft:recipes/building_blocks/hay_block":{"criteria":{"has_wheat":"2025-08-26 19:58:54 +0000"},"done":true},"minecraft:recipes/food/cooked_porkchop":{"criteria":{"has_porkchop":"2025-08-26 20:19:24 +0000"},"done":true},"minecraft:recipes/food/cooked_porkchop_from_campfire_cooking":{"criteria":{"has_porkchop":"2025-08-26 20:19:24 +0000"},"done":true},"minecraft:recipes/food/cooked_porkchop_from_smoking":{"criteria":{"has_porkchop":"2025-08-26 20:19:24 +0000"},"done":true},"minecraft:adventure/sleep_in_bed":{"criteria":{"slept_in_bed":"2025-08-26 20:20:22 +0000"},"done":true},"minecraft:recipes/misc/leaf_litter":{"criteria":{"has_leaves":"2025-08-26 20:25:22 +0000"},"done":true},"minecraft:recipes/tools/golden_axe":{"criteria":{"has_gold_ingot":"2025-08-26 20:29:23 +0000"},"done":true},"minecraft:recipes/tools/golden_pickaxe":{"criteria":{"has_gold_ingot":"2025-08-26 20:29:23 +0000"},"done":true},"minecraft:recipes/misc/gold_nugget":{"criteria":{"has_gold_ingot":"2025-08-26 20:29:23 +0000"},"done":true},"minecraft:recipes/tools/golden_shovel":{"criteria":{"has_gold_ingot":"2025-08-26 20:29:23 +0000"},"done":true},"minecraft:recipes/food/golden_apple":{"criteria":{"has_gold_ingot":"2025-08-26 20:29:23 +0000"},"done":true},"minecraft:recipes/combat/golden_boots":{"criteria":{"has_gold_ingot":"2025-08-26 20:29:23 +0000"},"done":true},"minecraft:recipes/combat/golden_helmet":{"criteria":{"has_gold_ingot":"2025-08-26 20:29:23 +0000"},"done":true},"minecraft:recipes/combat/golden_sword":{"criteria":{"has_gold_ingot":"2025-08-26 20:29:23 +0000"},"done":true},"minecraft:recipes/building_blocks/gold_block":{"criteria":{"has_gold_ingot":"2025-08-26 20:29:23 +0000"},"done":true},"minecraft:recipes/combat/golden_chestplate":{"criteria":{"has_gold_ingot":"2025-08-26 20:29:23 +0000"},"done":true},"minecraft:recipes/tools/golden_hoe":{"criteria":{"has_gold_ingot":"2025-08-26 20:29:23 +0000"},"done":true},"minecraft:recipes/redstone/light_weighted_pressure_plate":{"criteria":{"has_gold_ingot":"2025-08-26 20:29:23 +0000"},"done":true},"minecraft:recipes/combat/golden_leggings":{"criteria":{"has_gold_ingot":"2025-08-26 20:29:23 +0000"},"done":true},"minecraft:recipes/decorations/polished_tuff_wall":{"criteria":{"has_polished_tuff":"2025-08-26 20:33:00 +0000"},"done":true},"minecraft:recipes/decorations/tuff_brick_wall_from_polished_tuff_stonecutting":{"criteria":{"has_polished_tuff":"2025-08-26 20:33:00 +0000"},"done":true},"minecraft:recipes/building_blocks/tuff_brick_stairs_from_polished_tuff_stonecutting":{"criteria":{"has_polished_tuff":"2025-08-26 20:33:00 +0000"},"done":true},"minecraft:recipes/building_blocks/polished_tuff_slab_from_polished_tuff_stonecutting":{"criteria":{"has_polished_tuff":"2025-08-26 20:33:00 +0000"},"done":true},"minecraft:recipes/building_blocks/polished_tuff_stairs":{"criteria":{"has_polished_tuff":"2025-08-26 20:33:00 +0000"},"done":true},"minecraft:recipes/building_blocks/polished_tuff_stairs_from_polished_tuff_stonecutting":{"criteria":{"has_polished_tuff":"2025-08-26 20:33:00 +0000"},"done":true},"minecraft:recipes/building_blocks/polished_tuff_slab":{"criteria":{"has_polished_tuff":"2025-08-26 20:33:00 +0000"},"done":true},"minecraft:recipes/building_blocks/chiseled_tuff_bricks_from_polished_tuff_stonecutting":{"criteria":{"has_polished_tuff":"2025-08-26 20:33:00 +0000"},"done":true},"minecraft:recipes/building_blocks/tuff_bricks":{"criteria":{"has_polished_tuff":"2025-08-26 20:33:00 +0000"},"done":true},"minecraft:recipes/decorations/polished_tuff_wall_from_polished_tuff_stonecutting":{"criteria":{"has_polished_tuff":"2025-08-26 20:33:00 +0000"},"done":true},"minecraft:recipes/building_blocks/tuff_bricks_from_polished_tuff_stonecutting":{"criteria":{"has_polished_tuff":"2025-08-26 20:33:00 +0000"},"done":true},"minecraft:recipes/building_blocks/tuff_brick_slab_from_polished_tuff_stonecutting":{"criteria":{"has_polished_tuff":"2025-08-26 20:33:00 +0000"},"done":true},"minecraft:recipes/misc/flower_banner_pattern":{"criteria":{"has_oxeye_daisy":"2025-08-26 20:42:19 +0000"},"done":true},"minecraft:recipes/misc/light_gray_dye_from_oxeye_daisy":{"criteria":{"has_oxeye_daisy":"2025-08-26 20:42:19 +0000"},"done":true},"minecraft:recipes/food/suspicious_stew_from_oxeye_daisy":{"criteria":{"has_oxeye_daisy":"2025-08-26 20:42:19 +0000"},"done":true},"minecraft:recipes/misc/light_gray_dye_from_azure_bluet":{"criteria":{"has_azure_bluet":"2025-08-26 20:42:20 +0000"},"done":true},"minecraft:recipes/food/suspicious_stew_from_azure_bluet":{"criteria":{"has_azure_bluet":"2025-08-26 20:42:20 +0000"},"done":true},"minecraft:recipes/combat/dye_light_gray_harness":{"criteria":{"has_needed_dye":"2025-08-26 20:42:24 +0000"},"done":true},"minecraft:recipes/decorations/dye_light_gray_bed":{"criteria":{"has_needed_dye":"2025-08-26 20:42:24 +0000"},"done":true},"minecraft:recipes/building_blocks/dye_light_gray_wool":{"criteria":{"has_needed_dye":"2025-08-26 20:42:24 +0000"},"done":true},"minecraft:recipes/tools/light_gray_bundle":{"criteria":{"has_light_gray_dye":"2025-08-26 20:42:24 +0000"},"done":true},"minecraft:recipes/decorations/dye_light_gray_carpet":{"criteria":{"has_needed_dye":"2025-08-26 20:42:24 +0000"},"done":true},"minecraft:recipes/decorations/light_gray_stained_glass_pane_from_glass_pane":{"criteria":{"has_light_gray_dye":"2025-08-26 20:42:24 +0000"},"done":true},"minecraft:recipes/decorations/light_gray_candle":{"criteria":{"has_light_gray_dye":"2025-08-26 20:42:24 +0000"},"done":true},"minecraft:recipes/decorations/dye_yellow_bed":{"criteria":{"has_needed_dye":"2025-08-26 20:42:31 +0000"},"done":true},"minecraft:recipes/decorations/dye_yellow_carpet":{"criteria":{"has_needed_dye":"2025-08-26 20:42:31 +0000"},"done":true},"minecraft:recipes/misc/orange_dye_from_red_yellow":{"criteria":{"has_yellow_dye":"2025-08-26 20:42:31 +0000"},"done":true},"minecraft:recipes/decorations/yellow_candle":{"criteria":{"has_yellow_dye":"2025-08-26 20:42:31 +0000"},"done":true},"minecraft:recipes/decorations/yellow_stained_glass_pane_from_glass_pane":{"criteria":{"has_yellow_dye":"2025-08-26 20:42:31 +0000"},"done":true},"minecraft:recipes/building_blocks/dye_yellow_wool":{"criteria":{"has_needed_dye":"2025-08-26 20:42:31 +0000"},"done":true},"minecraft:recipes/tools/yellow_bundle":{"criteria":{"has_yellow_dye":"2025-08-26 20:42:31 +0000"},"done":true},"minecraft:recipes/combat/dye_yellow_harness":{"criteria":{"has_needed_dye":"2025-08-26 20:42:31 +0000"},"done":true},"minecraft:recipes/building_blocks/pale_oak_planks":{"criteria":{"has_log":"2025-08-26 20:46:38 +0000"},"done":true},"minecraft:recipes/building_blocks/pale_oak_wood":{"criteria":{"has_log":"2025-08-26 20:46:38 +0000"},"done":true},"minecraft:recipes/decorations/pale_moss_carpet":{"criteria":{"has_pale_moss_block":"2025-08-26 20:46:58 +0000"},"done":true},"minecraft:recipes/misc/gold_ingot_from_gold_block":{"criteria":{"has_gold_block":"2025-08-26 20:48:33 +0000"},"done":true},"minecraft:recipes/misc/iron_ingot_from_nuggets":{"criteria":{"has_iron_nugget":"2025-08-26 20:59:18 +0000"},"done":true},"minecraft:recipes/building_blocks/deepslate_brick_slab_from_polished_deepslate_stonecutting":{"criteria":{"has_polished_deepslate":"2025-08-26 21:12:23 +0000"},"done":true},"minecraft:recipes/decorations/polished_deepslate_wall":{"criteria":{"has_polished_deepslate":"2025-08-26 21:12:23 +0000"},"done":true},"minecraft:recipes/building_blocks/deepslate_bricks":{"criteria":{"has_polished_deepslate":"2025-08-26 21:12:23 +0000"},"done":true},"minecraft:recipes/decorations/polished_deepslate_wall_from_polished_deepslate_stonecutting":{"criteria":{"has_polished_deepslate":"2025-08-26 21:12:23 +0000"},"done":true},"minecraft:recipes/building_blocks/polished_deepslate_slab":{"criteria":{"has_polished_deepslate":"2025-08-26 21:12:23 +0000"},"done":true},"minecraft:recipes/building_blocks/polished_deepslate_slab_from_polished_deepslate_stonecutting":{"criteria":{"has_polished_deepslate":"2025-08-26 21:12:23 +0000"},"done":true},"minecraft:recipes/building_blocks/deepslate_tile_stairs_from_polished_deepslate_stonecutting":{"criteria":{"has_polished_deepslate":"2025-08-26 21:12:23 +0000"},"done":true},"minecraft:recipes/building_blocks/polished_deepslate_stairs_from_polished_deepslate_stonecutting":{"criteria":{"has_polished_deepslate":"2025-08-26 21:12:23 +0000"},"done":true},"minecraft:recipes/building_blocks/deepslate_tiles_from_polished_deepslate_stonecutting":{"criteria":{"has_polished_deepslate":"2025-08-26 21:12:23 +0000"},"done":true},"minecraft:recipes/building_blocks/deepslate_bricks_from_polished_deepslate_stonecutting":{"criteria":{"has_polished_deepslate":"2025-08-26 21:12:23 +0000"},"done":true},"minecraft:recipes/building_blocks/deepslate_tile_slab_from_polished_deepslate_stonecutting":{"criteria":{"has_polished_deepslate":"2025-08-26 21:12:23 +0000"},"done":true},"minecraft:recipes/decorations/deepslate_brick_wall_from_polished_deepslate_stonecutting":{"criteria":{"has_polished_deepslate":"2025-08-26 21:12:23 +0000"},"done":true},"minecraft:recipes/decorations/deepslate_tile_wall_from_polished_deepslate_stonecutting":{"criteria":{"has_polished_deepslate":"2025-08-26 21:12:23 +0000"},"done":true},"minecraft:recipes/building_blocks/deepslate_brick_stairs_from_polished_deepslate_stonecutting":{"criteria":{"has_polished_deepslate":"2025-08-26 21:12:23 +0000"},"done":true},"minecraft:recipes/building_blocks/polished_deepslate_stairs":{"criteria":{"has_polished_deepslate":"2025-08-26 21:12:23 +0000"},"done":true},"minecraft:recipes/misc/sugar_from_sugar_cane":{"criteria":{"has_sugar_cane":"2025-08-26 21:12:30 +0000"},"done":true},"minecraft:recipes/misc/paper":{"criteria":{"has_reeds":"2025-08-26 21:12:30 +0000"},"done":true},"minecraft:recipes/decorations/fletching_table":{"criteria":{"has_flint":"2025-08-26 21:20:53 +0000"},"done":true},"minecraft:recipes/tools/flint_and_steel":{"criteria":{"has_flint":"2025-08-26 21:20:53 +0000"},"done":true},"minecraft:end/root":{"criteria":{"entered_end":"2025-08-26 21:34:23 +0000"},"done":true},"minecraft:story/enter_the_end":{"criteria":{"entered_end":"2025-08-26 21:34:23 +0000"},"done":true},"minecraft:recipes/decorations/red_shulker_box":{"criteria":{"has_shulker_box":"2025-08-26 21:34:43 +0000"},"done":true},"minecraft:recipes/decorations/yellow_shulker_box":{"criteria":{"has_shulker_box":"2025-08-26 21:34:43 +0000"},"done":true},"minecraft:recipes/decorations/gray_shulker_box":{"criteria":{"has_shulker_box":"2025-08-26 21:34:43 +0000"},"done":true},"minecraft:recipes/decorations/lime_shulker_box":{"criteria":{"has_shulker_box":"2025-08-26 21:34:43 +0000"},"done":true},"minecraft:recipes/decorations/purple_shulker_box":{"criteria":{"has_shulker_box":"2025-08-26 21:34:43 +0000"},"done":true},"minecraft:recipes/decorations/pink_shulker_box":{"criteria":{"has_shulker_box":"2025-08-26 21:34:43 +0000"},"done":true},"minecraft:recipes/decorations/cyan_shulker_box":{"criteria":{"has_shulker_box":"2025-08-26 21:34:43 +0000"},"done":true},"minecraft:recipes/decorations/white_shulker_box":{"criteria":{"has_shulker_box":"2025-08-26 21:34:43 +0000"},"done":true},"minecraft:recipes/decorations/green_shulker_box":{"criteria":{"has_shulker_box":"2025-08-26 21:34:43 +0000"},"done":true},"minecraft:recipes/decorations/brown_shulker_box":{"criteria":{"has_shulker_box":"2025-08-26 21:34:43 +0000"},"done":true},"minecraft:recipes/decorations/light_blue_shulker_box":{"criteria":{"has_shulker_box":"2025-08-26 21:34:43 +0000"},"done":true},"minecraft:recipes/decorations/magenta_shulker_box":{"criteria":{"has_shulker_box":"2025-08-26 21:34:43 +0000"},"done":true},"minecraft:recipes/decorations/light_gray_shulker_box":{"criteria":{"has_shulker_box":"2025-08-26 21:34:43 +0000"},"done":true},"minecraft:recipes/decorations/blue_shulker_box":{"criteria":{"has_shulker_box":"2025-08-26 21:34:43 +0000"},"done":true},"minecraft:recipes/decorations/orange_shulker_box":{"criteria":{"has_shulker_box":"2025-08-26 21:34:43 +0000"},"done":true},"minecraft:recipes/decorations/black_shulker_box":{"criteria":{"has_shulker_box":"2025-08-26 21:34:43 +0000"},"done":true},"minecraft:nether/netherite_armor":{"criteria":{"netherite_armor":"2025-08-26 22:13:19 +0000"},"done":true},"minecraft:recipes/redstone/dispenser":{"criteria":{"has_bow":"2025-08-26 22:13:38 +0000"},"done":true},"minecraft:adventure/shoot_arrow":{"criteria":{"shot_arrow":"2025-08-26 22:13:49 +0000"},"done":true},"minecraft:recipes/food/suspicious_stew_from_poppy":{"criteria":{"has_poppy":"2025-08-26 23:26:29 +0000"},"done":true},"minecraft:recipes/misc/red_dye_from_poppy":{"criteria":{"has_poppy":"2025-08-26 23:26:29 +0000"},"done":true},"minecraft:recipes/misc/iron_ingot_from_iron_block":{"criteria":{"has_iron_block":"2025-08-26 23:28:54 +0000"},"done":true},"minecraft:recipes/decorations/anvil":{"criteria":{"has_iron_block":"2025-08-26 23:28:54 +0000"},"done":true},"minecraft:recipes/building_blocks/jack_o_lantern":{"criteria":{"has_carved_pumpkin":"2025-08-26 23:28:57 +0000"},"done":true},"minecraft:recipes/food/pumpkin_pie":{"criteria":{"has_carved_pumpkin":"2025-08-26 23:28:57 +0000"},"done":true},"minecraft:recipes/building_blocks/chiseled_tuff_bricks_from_tuff_bricks_stonecutting":{"criteria":{"has_tuff_bricks":"2025-08-27 02:43:23 +0000"},"done":true},"minecraft:recipes/decorations/deepslate_brick_wall_from_deepslate_bricks_stonecutting":{"criteria":{"has_deepslate_bricks":"2025-08-27 02:43:23 +0000"},"done":true},"minecraft:recipes/building_blocks/deepslate_tile_stairs_from_deepslate_bricks_stonecutting":{"criteria":{"has_deepslate_bricks":"2025-08-27 02:43:23 +0000"},"done":true},"minecraft:recipes/decorations/deepslate_brick_wall":{"criteria":{"has_deepslate_bricks":"2025-08-27 02:43:23 +0000"},"done":true},"minecraft:recipes/decorations/tuff_brick_wall_from_tuff_bricks_stonecutting":{"criteria":{"has_tuff_bricks":"2025-08-27 02:43:23 +0000"},"done":true},"minecraft:recipes/building_blocks/tuff_brick_stairs":{"criteria":{"has_tuff_bricks":"2025-08-27 02:43:23 +0000"},"done":true},"minecraft:recipes/building_blocks/tuff_brick_stairs_from_tuff_bricks_stonecutting":{"criteria":{"has_tuff_bricks":"2025-08-27 02:43:23 +0000"},"done":true},"minecraft:recipes/building_blocks/deepslate_brick_stairs":{"criteria":{"has_deepslate_bricks":"2025-08-27 02:43:23 +0000"},"done":true},"minecraft:recipes/building_blocks/deepslate_tiles_from_deepslate_bricks_stonecutting":{"criteria":{"has_deepslate_bricks":"2025-08-27 02:43:23 +0000"},"done":true},"minecraft:recipes/building_blocks/tuff_brick_slab_from_tuff_bricks_stonecutting":{"criteria":{"has_tuff_bricks":"2025-08-27 02:43:23 +0000"},"done":true},"minecraft:recipes/building_blocks/deepslate_brick_slab":{"criteria":{"has_deepslate_bricks":"2025-08-27 02:43:23 +0000"},"done":true},"minecraft:recipes/decorations/deepslate_tile_wall_from_deepslate_bricks_stonecutting":{"criteria":{"has_deepslate_bricks":"2025-08-27 02:43:23 +0000"},"done":true},"minecraft:recipes/building_blocks/cracked_deepslate_bricks":{"criteria":{"has_deepslate_bricks":"2025-08-27 02:43:23 +0000"},"done":true},"minecraft:recipes/building_blocks/deepslate_tile_slab_from_deepslate_bricks_stonecutting":{"criteria":{"has_deepslate_bricks":"2025-08-27 02:43:23 +0000"},"done":true},"minecraft:recipes/building_blocks/deepslate_tiles":{"criteria":{"has_deepslate_bricks":"2025-08-27 02:43:23 +0000"},"done":true},"minecraft:recipes/building_blocks/deepslate_brick_stairs_from_deepslate_bricks_stonecutting":{"criteria":{"has_deepslate_bricks":"2025-08-27 02:43:23 +0000"},"done":true},"minecraft:recipes/decorations/tuff_brick_wall":{"criteria":{"has_tuff_bricks":"2025-08-27 02:43:23 +0000"},"done":true},"minecraft:recipes/building_blocks/tuff_brick_slab":{"criteria":{"has_tuff_bricks":"2025-08-27 02:43:23 +0000"},"done":true},"minecraft:recipes/building_blocks/deepslate_brick_slab_from_deepslate_bricks_stonecutting":{"criteria":{"has_deepslate_bricks":"2025-08-27 02:43:23 +0000"},"done":true},"minecraft:recipes/redstone/sticky_piston":{"criteria":{"has_slime_ball":"2025-08-27 02:46:11 +0000"},"done":true},"minecraft:recipes/redstone/slime_block":{"criteria":{"has_slime_ball":"2025-08-27 02:46:11 +0000"},"done":true},"minecraft:recipes/building_blocks/sandstone_stairs":{"criteria":{"has_sandstone":"2025-08-27 17:57:28 +0000"},"done":true},"minecraft:recipes/building_blocks/sandstone_slab":{"criteria":{"has_sandstone":"2025-08-27 17:57:28 +0000"},"done":true},"minecraft:recipes/building_blocks/cut_sandstone_from_sandstone_stonecutting":{"criteria":{"has_sandstone":"2025-08-27 17:57:28 +0000"},"done":true},"minecraft:recipes/building_blocks/chiseled_sandstone_from_sandstone_stonecutting":{"criteria":{"has_sandstone":"2025-08-27 17:57:28 +0000"},"done":true},"minecraft:recipes/building_blocks/smooth_sandstone":{"criteria":{"has_sandstone":"2025-08-27 17:57:28 +0000"},"done":true},"minecraft:recipes/decorations/sandstone_wall_from_sandstone_stonecutting":{"criteria":{"has_sandstone":"2025-08-27 17:57:28 +0000"},"done":true},"minecraft:recipes/building_blocks/cut_sandstone_slab_from_sandstone_stonecutting":{"criteria":{"has_sandstone":"2025-08-27 17:57:28 +0000"},"done":true},"minecraft:recipes/building_blocks/cut_sandstone":{"criteria":{"has_sandstone":"2025-08-27 17:57:28 +0000"},"done":true},"minecraft:recipes/building_blocks/sandstone_slab_from_sandstone_stonecutting":{"criteria":{"has_sandstone":"2025-08-27 17:57:28 +0000"},"done":true},"minecraft:recipes/building_blocks/sandstone_stairs_from_sandstone_stonecutting":{"criteria":{"has_sandstone":"2025-08-27 17:57:28 +0000"},"done":true},"minecraft:recipes/decorations/sandstone_wall":{"criteria":{"has_sandstone":"2025-08-27 17:57:28 +0000"},"done":true},"minecraft:end/find_end_city":{"criteria":{"in_city":"2025-08-27 18:08:08 +0000"},"done":true},"minecraft:adventure/who_needs_rockets":{"criteria":{"who_needs_rockets":"2025-08-27 18:10:22 +0000"},"done":true},"minecraft:adventure/minecraft_trials_edition":{"criteria":{"minecraft_trials_edition":"2025-08-27 18:15:43 +0000"},"done":true},"minecraft:recipes/decorations/mossy_cobblestone_wall":{"criteria":{"has_mossy_cobblestone":"2025-08-27 18:45:43 +0000"},"done":true},"minecraft:recipes/building_blocks/mossy_cobblestone_slab_from_mossy_cobblestone_stonecutting":{"criteria":{"has_mossy_cobblestone":"2025-08-27 18:45:43 +0000"},"done":true},"minecraft:recipes/building_blocks/mossy_cobblestone_stairs_from_mossy_cobblestone_stonecutting":{"criteria":{"has_mossy_cobblestone":"2025-08-27 18:45:43 +0000"},"done":true},"minecraft:recipes/decorations/mossy_cobblestone_wall_from_mossy_cobblestone_stonecutting":{"criteria":{"has_mossy_cobblestone":"2025-08-27 18:45:43 +0000"},"done":true},"minecraft:recipes/building_blocks/mossy_cobblestone_slab":{"criteria":{"has_mossy_cobblestone":"2025-08-27 18:45:43 +0000"},"done":true},"minecraft:recipes/building_blocks/mossy_cobblestone_stairs":{"criteria":{"has_mossy_cobblestone":"2025-08-27 18:45:43 +0000"},"done":true},"minecraft:recipes/decorations/soul_lantern":{"criteria":{"has_soul_torch":"2025-08-27 18:46:48 +0000"},"done":true},"minecraft:recipes/building_blocks/stone_bricks":{"criteria":{"has_stone":"2025-08-27 18:48:39 +0000"},"done":true},"minecraft:recipes/building_blocks/stone_brick_slab_from_stone_stonecutting":{"criteria":{"has_stone":"2025-08-27 18:48:39 +0000"},"done":true},"minecraft:recipes/building_blocks/stone_brick_stairs_from_stone_stonecutting":{"criteria":{"has_stone":"2025-08-27 18:48:39 +0000"},"done":true},"minecraft:recipes/building_blocks/stone_slab_from_stone_stonecutting":{"criteria":{"has_stone":"2025-08-27 18:48:39 +0000"},"done":true},"minecraft:recipes/building_blocks/stone_bricks_from_stone_stonecutting":{"criteria":{"has_stone":"2025-08-27 18:48:39 +0000"},"done":true},"minecraft:recipes/building_blocks/stone_slab":{"criteria":{"has_stone":"2025-08-27 18:48:39 +0000"},"done":true},"minecraft:recipes/building_blocks/chiseled_stone_bricks_stone_from_stonecutting":{"criteria":{"has_stone":"2025-08-27 18:48:39 +0000"},"done":true},"minecraft:recipes/building_blocks/stone_stairs_from_stone_stonecutting":{"criteria":{"has_stone":"2025-08-27 18:48:39 +0000"},"done":true},"minecraft:recipes/redstone/stone_button":{"criteria":{"has_stone":"2025-08-27 18:48:39 +0000"},"done":true},"minecraft:recipes/decorations/stonecutter":{"criteria":{"has_stone":"2025-08-27 18:48:39 +0000"},"done":true},"minecraft:recipes/redstone/stone_pressure_plate":{"criteria":{"has_stone":"2025-08-27 18:48:39 +0000"},"done":true},"minecraft:recipes/building_blocks/smooth_stone":{"criteria":{"has_stone":"2025-08-27 18:48:39 +0000"},"done":true},"minecraft:recipes/decorations/stone_brick_walls_from_stone_stonecutting":{"criteria":{"has_stone":"2025-08-27 18:48:39 +0000"},"done":true},"minecraft:recipes/building_blocks/stone_stairs":{"criteria":{"has_stone":"2025-08-27 18:48:39 +0000"},"done":true},"minecraft:recipes/misc/slime_ball":{"criteria":{"has_slime_block":"2025-08-27 18:53:12 +0000"},"done":true},"minecraft:recipes/building_blocks/cracked_nether_bricks":{"criteria":{"has_nether_bricks":"2025-08-27 19:04:20 +0000"},"done":true},"minecraft:recipes/building_blocks/chiseled_nether_bricks_from_nether_bricks_stonecutting":{"criteria":{"has_nether_bricks":"2025-08-27 19:04:20 +0000"},"done":true},"minecraft:recipes/building_blocks/nether_brick_stairs":{"criteria":{"has_nether_bricks":"2025-08-27 19:04:20 +0000"},"done":true},"minecraft:recipes/building_blocks/nether_brick_slab":{"criteria":{"has_nether_bricks":"2025-08-27 19:04:20 +0000"},"done":true},"minecraft:recipes/decorations/nether_brick_wall_from_nether_bricks_stonecutting":{"criteria":{"has_nether_bricks":"2025-08-27 19:04:20 +0000"},"done":true},"minecraft:recipes/building_blocks/nether_brick_stairs_from_nether_bricks_stonecutting":{"criteria":{"has_nether_bricks":"2025-08-27 19:04:20 +0000"},"done":true},"minecraft:recipes/building_blocks/nether_brick_slab_from_nether_bricks_stonecutting":{"criteria":{"has_nether_bricks":"2025-08-27 19:04:20 +0000"},"done":true},"minecraft:recipes/decorations/nether_brick_wall":{"criteria":{"has_nether_bricks":"2025-08-27 19:04:20 +0000"},"done":true},"minecraft:recipes/decorations/nether_brick_fence":{"criteria":{"has_nether_bricks":"2025-08-27 19:04:20 +0000"},"done":true},"minecraft:recipes/misc/nether_brick":{"criteria":{"has_netherrack":"2025-08-27 19:06:23 +0000"},"done":true},"minecraft:story/lava_bucket":{"criteria":{"lava_bucket":"2025-08-27 19:06:50 +0000"},"done":true},"minecraft:recipes/redstone/trapped_chest":{"criteria":{"has_tripwire_hook":"2025-08-27 19:11:34 +0000"},"done":true},"minecraft:recipes/decorations/soul_campfire":{"criteria":{"has_soul_sand":"2025-08-27 19:25:45 +0000"},"done":true},"minecraft:recipes/decorations/soul_torch":{"criteria":{"has_soul_sand":"2025-08-27 19:25:45 +0000"},"done":true},"minecraft:recipes/building_blocks/glass":{"criteria":{"has_smelts_to_glass":"2025-08-27 19:46:15 +0000"},"done":true},"minecraft:recipes/building_blocks/sandstone":{"criteria":{"has_sand":"2025-08-27 19:46:15 +0000"},"done":true},"minecraft:recipes/misc/green_dye":{"criteria":{"has_cactus":"2025-08-27 19:46:53 +0000"},"done":true},"minecraft:recipes/building_blocks/red_stained_glass":{"criteria":{"has_glass":"2025-08-27 19:47:56 +0000"},"done":true},"minecraft:recipes/building_blocks/light_blue_stained_glass":{"criteria":{"has_glass":"2025-08-27 19:47:56 +0000"},"done":true},"minecraft:recipes/brewing/glass_bottle":{"criteria":{"has_glass":"2025-08-27 19:47:56 +0000"},"done":true},"minecraft:recipes/building_blocks/green_stained_glass":{"criteria":{"has_glass":"2025-08-27 19:47:56 +0000"},"done":true},"minecraft:recipes/building_blocks/brown_stained_glass":{"criteria":{"has_glass":"2025-08-27 19:47:56 +0000"},"done":true},"minecraft:recipes/building_blocks/light_gray_stained_glass":{"criteria":{"has_glass":"2025-08-27 19:47:56 +0000"},"done":true},"minecraft:recipes/building_blocks/blue_stained_glass":{"criteria":{"has_glass":"2025-08-27 19:47:56 +0000"},"done":true},"minecraft:recipes/building_blocks/orange_stained_glass":{"criteria":{"has_glass":"2025-08-27 19:47:56 +0000"},"done":true},"minecraft:recipes/building_blocks/cyan_stained_glass":{"criteria":{"has_glass":"2025-08-27 19:47:56 +0000"},"done":true},"minecraft:recipes/building_blocks/pink_stained_glass":{"criteria":{"has_glass":"2025-08-27 19:47:56 +0000"},"done":true},"minecraft:recipes/building_blocks/black_stained_glass":{"criteria":{"has_glass":"2025-08-27 19:47:56 +0000"},"done":true},"minecraft:recipes/building_blocks/gray_stained_glass":{"criteria":{"has_glass":"2025-08-27 19:47:56 +0000"},"done":true},"minecraft:recipes/building_blocks/purple_stained_glass":{"criteria":{"has_glass":"2025-08-27 19:47:56 +0000"},"done":true},"minecraft:recipes/building_blocks/yellow_stained_glass":{"criteria":{"has_glass":"2025-08-27 19:47:56 +0000"},"done":true},"minecraft:recipes/building_blocks/lime_stained_glass":{"criteria":{"has_glass":"2025-08-27 19:47:56 +0000"},"done":true},"minecraft:recipes/decorations/glass_pane":{"criteria":{"has_glass":"2025-08-27 19:47:56 +0000"},"done":true},"minecraft:recipes/building_blocks/magenta_stained_glass":{"criteria":{"has_glass":"2025-08-27 19:47:56 +0000"},"done":true},"minecraft:recipes/building_blocks/white_stained_glass":{"criteria":{"has_glass":"2025-08-27 19:47:56 +0000"},"done":true},"minecraft:recipes/food/cooked_salmon_from_smoking":{"criteria":{"has_salmon":"2025-08-27 19:58:09 +0000"},"done":true},"minecraft:recipes/food/cooked_salmon_from_campfire_cooking":{"criteria":{"has_salmon":"2025-08-27 19:58:09 +0000"},"done":true},"minecraft:recipes/food/cooked_salmon":{"criteria":{"has_salmon":"2025-08-27 19:58:09 +0000"},"done":true},"minecraft:nether/root":{"criteria":{"entered_nether":"2025-08-27 20:23:46 +0000"},"done":true},"minecraft:story/enter_the_nether":{"criteria":{"entered_nether":"2025-08-27 20:23:46 +0000"},"done":true},"minecraft:nether/explore_nether":{"criteria":{"minecraft:crimson_forest":"2025-08-27 20:23:47 +0000"},"done":false},"minecraft:nether/find_bastion":{"criteria":{"bastion":"2025-08-27 20:23:47 +0000"},"done":true},"minecraft:nether/fast_travel":{"criteria":{"travelled":"2025-08-27 20:23:50 +0000"},"done":true},"minecraft:recipes/decorations/red_glazed_terracotta":{"criteria":{"has_red_terracotta":"2025-08-27 20:28:52 +0000"},"done":true},"minecraft:end/elytra":{"criteria":{"elytra":"2025-08-27 21:02:52 +0000"},"done":true},"minecraft:recipes/misc/pink_dye_from_pink_petals":{"criteria":{"has_pink_petals":"2025-08-27 21:27:03 +0000"},"done":true},"minecraft:recipes/misc/lapis_lazuli":{"criteria":{"has_lapis_block":"2025-08-27 21:27:03 +0000"},"done":true},"minecraft:story/enchant_item":{"criteria":{"enchanted_item":"2025-08-27 23:24:37 +0000"},"done":true},"DataVersion":4440}