{"minecraft:recipes/decorations/crafting_table":{"criteria":{"unlock_right_away":"2025-09-16 20:31:15 +0000"},"done":true},"minecraft:adventure/adventuring_time":{"criteria":{"minecraft:forest":"2025-09-16 20:35:57 +0000","minecraft:birch_forest":"2025-09-16 20:31:16 +0000"},"done":false},"minecraft:recipes/decorations/red_shulker_box":{"criteria":{"has_shulker_box":"2025-09-16 20:31:56 +0000"},"done":true},"minecraft:recipes/decorations/yellow_shulker_box":{"criteria":{"has_shulker_box":"2025-09-16 20:31:56 +0000"},"done":true},"minecraft:recipes/decorations/gray_shulker_box":{"criteria":{"has_shulker_box":"2025-09-16 20:31:56 +0000"},"done":true},"minecraft:recipes/decorations/lime_shulker_box":{"criteria":{"has_shulker_box":"2025-09-16 20:31:56 +0000"},"done":true},"minecraft:recipes/decorations/purple_shulker_box":{"criteria":{"has_shulker_box":"2025-09-16 20:31:56 +0000"},"done":true},"minecraft:recipes/decorations/pink_shulker_box":{"criteria":{"has_shulker_box":"2025-09-16 20:31:56 +0000"},"done":true},"minecraft:recipes/decorations/cyan_shulker_box":{"criteria":{"has_shulker_box":"2025-09-16 20:31:56 +0000"},"done":true},"minecraft:recipes/decorations/white_shulker_box":{"criteria":{"has_shulker_box":"2025-09-16 20:31:56 +0000"},"done":true},"minecraft:recipes/decorations/green_shulker_box":{"criteria":{"has_shulker_box":"2025-09-16 20:31:56 +0000"},"done":true},"minecraft:recipes/decorations/brown_shulker_box":{"criteria":{"has_shulker_box":"2025-09-16 20:31:56 +0000"},"done":true},"minecraft:recipes/decorations/light_blue_shulker_box":{"criteria":{"has_shulker_box":"2025-09-16 20:31:56 +0000"},"done":true},"minecraft:recipes/decorations/magenta_shulker_box":{"criteria":{"has_shulker_box":"2025-09-16 20:31:56 +0000"},"done":true},"minecraft:recipes/decorations/light_gray_shulker_box":{"criteria":{"has_shulker_box":"2025-09-16 20:31:56 +0000"},"done":true},"minecraft:recipes/decorations/blue_shulker_box":{"criteria":{"has_shulker_box":"2025-09-16 20:31:56 +0000"},"done":true},"minecraft:recipes/decorations/orange_shulker_box":{"criteria":{"has_shulker_box":"2025-09-16 20:31:56 +0000"},"done":true},"minecraft:recipes/decorations/black_shulker_box":{"criteria":{"has_shulker_box":"2025-09-16 20:31:56 +0000"},"done":true},"minecraft:recipes/redstone/lever":{"criteria":{"has_cobblestone":"2025-09-16 20:37:44 +0000"},"done":true},"minecraft:recipes/transportation/mangrove_boat":{"criteria":{"in_water":"2025-09-16 20:42:05 +0000"},"done":true},"minecraft:recipes/misc/iron_nugget_from_smelting":{"criteria":{"has_chainmail_boots":"2025-09-16 20:36:20 +0000"},"done":true},"minecraft:recipes/combat/stone_sword":{"criteria":{"has_cobblestone":"2025-09-16 20:37:44 +0000"},"done":true},"minecraft:recipes/decorations/cobblestone_wall":{"criteria":{"has_cobblestone":"2025-09-16 20:37:44 +0000"},"done":true},"minecraft:recipes/tools/stone_pickaxe":{"criteria":{"has_cobblestone":"2025-09-16 20:37:44 +0000"},"done":true},"minecraft:recipes/tools/stone_axe":{"criteria":{"has_cobblestone":"2025-09-16 20:37:44 +0000"},"done":true},"minecraft:recipes/decorations/campfire":{"criteria":{"has_coal":"2025-09-16 20:42:50 +0000"},"done":true},"minecraft:story/mine_stone":{"criteria":{"get_stone":"2025-09-16 20:37:44 +0000"},"done":true},"minecraft:recipes/decorations/furnace":{"criteria":{"has_cobblestone":"2025-09-16 20:37:44 +0000"},"done":true},"minecraft:recipes/decorations/chest":{"criteria":{"has_lots_of_items":"2025-09-16 20:36:26 +0000"},"done":true},"minecraft:recipes/redstone/dispenser":{"criteria":{"has_bow":"2025-09-16 20:36:24 +0000"},"done":true},"minecraft:recipes/building_blocks/cobblestone_slab":{"criteria":{"has_cobblestone":"2025-09-16 20:37:44 +0000"},"done":true},"minecraft:adventure/sleep_in_bed":{"criteria":{"slept_in_bed":"2025-09-16 20:39:00 +0000"},"done":true},"minecraft:recipes/building_blocks/cobblestone_slab_from_cobblestone_stonecutting":{"criteria":{"has_cobblestone":"2025-09-16 20:37:44 +0000"},"done":true},"minecraft:recipes/transportation/acacia_boat":{"criteria":{"in_water":"2025-09-16 20:42:05 +0000"},"done":true},"minecraft:recipes/transportation/cherry_boat":{"criteria":{"in_water":"2025-09-16 20:42:05 +0000"},"done":true},"minecraft:adventure/root":{"criteria":{"killed_something":"2025-09-16 20:43:35 +0000"},"done":true},"minecraft:adventure/kill_all_mobs":{"criteria":{"minecraft:drowned":"2025-09-16 20:43:35 +0000"},"done":false},"minecraft:recipes/misc/iron_nugget_from_blasting":{"criteria":{"has_chainmail_boots":"2025-09-16 20:36:20 +0000"},"done":true},"minecraft:adventure/kill_a_mob":{"criteria":{"minecraft:drowned":"2025-09-16 20:43:35 +0000"},"done":true},"minecraft:recipes/transportation/pale_oak_boat":{"criteria":{"in_water":"2025-09-16 20:42:05 +0000"},"done":true},"minecraft:recipes/building_blocks/stone":{"criteria":{"has_cobblestone":"2025-09-16 20:37:44 +0000"},"done":true},"minecraft:recipes/transportation/bamboo_raft":{"criteria":{"in_water":"2025-09-16 20:42:05 +0000"},"done":true},"minecraft:recipes/decorations/cobblestone_wall_from_cobblestone_stonecutting":{"criteria":{"has_cobblestone":"2025-09-16 20:37:44 +0000"},"done":true},"minecraft:recipes/building_blocks/cobblestone_stairs_from_cobblestone_stonecutting":{"criteria":{"has_cobblestone":"2025-09-16 20:37:44 +0000"},"done":true},"minecraft:recipes/transportation/spruce_boat":{"criteria":{"in_water":"2025-09-16 20:42:05 +0000"},"done":true},"minecraft:recipes/building_blocks/cobblestone_stairs":{"criteria":{"has_cobblestone":"2025-09-16 20:37:44 +0000"},"done":true},"minecraft:recipes/transportation/birch_boat":{"criteria":{"in_water":"2025-09-16 20:42:05 +0000"},"done":true},"minecraft:recipes/tools/stone_hoe":{"criteria":{"has_cobblestone":"2025-09-16 20:37:44 +0000"},"done":true},"minecraft:recipes/transportation/oak_boat":{"criteria":{"in_water":"2025-09-16 20:42:05 +0000"},"done":true},"minecraft:recipes/building_blocks/coal_block":{"criteria":{"has_coal":"2025-09-16 20:42:50 +0000"},"done":true},"minecraft:recipes/tools/stone_shovel":{"criteria":{"has_cobblestone":"2025-09-16 20:37:44 +0000"},"done":true},"minecraft:recipes/transportation/jungle_boat":{"criteria":{"in_water":"2025-09-16 20:42:05 +0000"},"done":true},"minecraft:recipes/transportation/dark_oak_boat":{"criteria":{"in_water":"2025-09-16 20:42:05 +0000"},"done":true},"minecraft:adventure/who_needs_rockets":{"criteria":{"who_needs_rockets":"2025-09-16 20:37:14 +0000"},"done":true},"DataVersion":4440}