{"minecraft:recipes/redstone/lever":{"criteria":{"has_cobblestone":"2025-09-16 20:18:13 +0000"},"done":true},"minecraft:recipes/decorations/red_shulker_box":{"criteria":{"has_shulker_box":"2025-09-16 20:12:28 +0000"},"done":true},"minecraft:recipes/decorations/ladder":{"criteria":{"has_stick":"2025-09-16 20:18:36 +0000"},"done":true},"minecraft:recipes/transportation/mangrove_boat":{"criteria":{"in_water":"2025-09-16 20:19:15 +0000"},"done":true},"minecraft:recipes/decorations/torch":{"criteria":{"has_stone_pickaxe":"2025-09-16 20:18:55 +0000"},"done":true},"minecraft:recipes/decorations/yellow_shulker_box":{"criteria":{"has_shulker_box":"2025-09-16 20:12:28 +0000"},"done":true},"minecraft:recipes/misc/iron_nugget_from_smelting":{"criteria":{"has_chainmail_helmet":"2025-09-16 20:13:04 +0000"},"done":true},"minecraft:recipes/food/cooked_mutton_from_smoking":{"criteria":{"has_mutton":"2025-09-16 20:16:11 +0000"},"done":true},"minecraft:recipes/decorations/gray_shulker_box":{"criteria":{"has_shulker_box":"2025-09-16 20:12:28 +0000"},"done":true},"minecraft:recipes/building_blocks/oak_slab":{"criteria":{"has_planks":"2025-09-16 20:18:20 +0000"},"done":true},"minecraft:recipes/building_blocks/diorite_stairs_from_diorite_stonecutting":{"criteria":{"has_diorite":"2025-09-16 20:26:17 +0000"},"done":true},"minecraft:recipes/decorations/lime_shulker_box":{"criteria":{"has_shulker_box":"2025-09-16 20:12:28 +0000"},"done":true},"minecraft:recipes/decorations/oak_sign":{"criteria":{"has_planks":"2025-09-16 20:18:20 +0000"},"done":true},"minecraft:recipes/redstone/oak_trapdoor":{"criteria":{"has_planks":"2025-09-16 20:18:20 +0000"},"done":true},"minecraft:recipes/combat/stone_sword":{"criteria":{"has_cobblestone":"2025-09-16 20:18:13 +0000"},"done":true},"minecraft:recipes/decorations/cobblestone_wall":{"criteria":{"has_cobblestone":"2025-09-16 20:18:13 +0000"},"done":true},"minecraft:recipes/tools/stone_pickaxe":{"criteria":{"has_cobblestone":"2025-09-16 20:18:13 +0000"},"done":true},"minecraft:recipes/decorations/purple_shulker_box":{"criteria":{"has_shulker_box":"2025-09-16 20:12:28 +0000"},"done":true},"minecraft:recipes/misc/gold_nugget_from_smelting":{"criteria":{"has_golden_axe":"2025-09-16 20:15:49 +0000"},"done":true},"minecraft:recipes/building_blocks/polished_diorite":{"criteria":{"has_diorite":"2025-09-16 20:26:17 +0000"},"done":true},"minecraft:recipes/tools/stone_axe":{"criteria":{"has_cobblestone":"2025-09-16 20:18:13 +0000"},"done":true},"minecraft:recipes/food/cooked_mutton":{"criteria":{"has_mutton":"2025-09-16 20:16:11 +0000"},"done":true},"minecraft:recipes/decorations/pink_shulker_box":{"criteria":{"has_shulker_box":"2025-09-16 20:12:28 +0000"},"done":true},"minecraft:recipes/decorations/campfire":{"criteria":{"has_stick":"2025-09-16 20:18:36 +0000"},"done":true},"minecraft:recipes/tools/wooden_hoe":{"criteria":{"has_stick":"2025-09-16 20:18:36 +0000"},"done":true},"minecraft:recipes/building_blocks/diorite_slab":{"criteria":{"has_diorite":"2025-09-16 20:26:17 +0000"},"done":true},"minecraft:recipes/decorations/white_banner":{"criteria":{"has_white_wool":"2025-09-16 20:16:11 +0000"},"done":true},"minecraft:recipes/redstone/oak_fence_gate":{"criteria":{"has_planks":"2025-09-16 20:18:20 +0000"},"done":true},"minecraft:recipes/decorations/diorite_wall_from_diorite_stonecutting":{"criteria":{"has_diorite":"2025-09-16 20:26:17 +0000"},"done":true},"minecraft:story/mine_stone":{"criteria":{"get_stone":"2025-09-16 20:18:13 +0000"},"done":true},"minecraft:recipes/decorations/furnace":{"criteria":{"has_cobblestone":"2025-09-16 20:18:13 +0000"},"done":true},"minecraft:recipes/misc/charcoal":{"criteria":{"has_log":"2025-09-16 20:14:03 +0000"},"done":true},"minecraft:recipes/tools/wooden_pickaxe":{"criteria":{"has_stick":"2025-09-16 20:18:36 +0000"},"done":true},"minecraft:recipes/decorations/cyan_shulker_box":{"criteria":{"has_shulker_box":"2025-09-16 20:12:28 +0000"},"done":true},"minecraft:story/upgrade_tools":{"criteria":{"stone_pickaxe":"2025-09-16 20:18:55 +0000"},"done":true},"minecraft:recipes/tools/wooden_axe":{"criteria":{"has_stick":"2025-09-16 20:18:36 +0000"},"done":true},"minecraft:recipes/decorations/painting":{"criteria":{"has_wool":"2025-09-16 20:16:11 +0000"},"done":true},"minecraft:recipes/misc/gold_nugget_from_blasting":{"criteria":{"has_golden_axe":"2025-09-16 20:15:49 +0000"},"done":true},"minecraft:recipes/decorations/white_shulker_box":{"criteria":{"has_shulker_box":"2025-09-16 20:12:28 +0000"},"done":true},"minecraft:recipes/building_blocks/andesite":{"criteria":{"has_stone":"2025-09-16 20:26:17 +0000"},"done":true},"minecraft:recipes/redstone/oak_pressure_plate":{"criteria":{"has_planks":"2025-09-16 20:18:20 +0000"},"done":true},"minecraft:recipes/decorations/green_shulker_box":{"criteria":{"has_shulker_box":"2025-09-16 20:12:28 +0000"},"done":true},"minecraft:recipes/redstone/oak_door":{"criteria":{"has_planks":"2025-09-16 20:18:20 +0000"},"done":true},"minecraft:adventure/shoot_arrow":{"criteria":{"shot_arrow":"2025-09-16 20:22:06 +0000"},"done":true},"minecraft:recipes/food/cooked_mutton_from_campfire_cooking":{"criteria":{"has_mutton":"2025-09-16 20:16:11 +0000"},"done":true},"minecraft:recipes/decorations/crafting_table":{"criteria":{"unlock_right_away":"2025-09-16 20:11:21 +0000"},"done":true},"minecraft:recipes/decorations/chest":{"criteria":{"has_lots_of_items":"2025-09-16 20:12:48 +0000"},"done":true},"minecraft:recipes/tools/wooden_shovel":{"criteria":{"has_stick":"2025-09-16 20:18:36 +0000"},"done":true},"minecraft:recipes/misc/stick":{"criteria":{"has_planks":"2025-09-16 20:18:20 +0000"},"done":true},"minecraft:recipes/redstone/dispenser":{"criteria":{"has_bow":"2025-09-16 20:13:16 +0000"},"done":true},"minecraft:recipes/building_blocks/cobblestone_slab":{"criteria":{"has_cobblestone":"2025-09-16 20:18:13 +0000"},"done":true},"minecraft:recipes/building_blocks/dripstone_block":{"criteria":{"has_pointed_dripstone":"2025-09-16 20:24:37 +0000"},"done":true},"minecraft:recipes/building_blocks/cobblestone_slab_from_cobblestone_stonecutting":{"criteria":{"has_cobblestone":"2025-09-16 20:18:13 +0000"},"done":true},"minecraft:recipes/building_blocks/oak_stairs":{"criteria":{"has_planks":"2025-09-16 20:18:20 +0000"},"done":true},"minecraft:recipes/transportation/acacia_boat":{"criteria":{"in_water":"2025-09-16 20:19:15 +0000"},"done":true},"minecraft:recipes/transportation/cherry_boat":{"criteria":{"in_water":"2025-09-16 20:19:15 +0000"},"done":true},"minecraft:adventure/root":{"criteria":{"killed_something":"2025-09-16 20:16:10 +0000"},"done":true},"minecraft:adventure/kill_all_mobs":{"criteria":{"minecraft:skeleton":"2025-09-16 20:20:12 +0000","minecraft:zombie":"2025-09-16 20:23:25 +0000"},"done":false},"minecraft:recipes/decorations/brown_shulker_box":{"criteria":{"has_shulker_box":"2025-09-16 20:12:28 +0000"},"done":true},"minecraft:recipes/decorations/oak_fence":{"criteria":{"has_planks":"2025-09-16 20:18:20 +0000"},"done":true},"minecraft:recipes/decorations/light_blue_shulker_box":{"criteria":{"has_shulker_box":"2025-09-16 20:12:28 +0000"},"done":true},"minecraft:recipes/combat/wooden_sword":{"criteria":{"has_stick":"2025-09-16 20:18:36 +0000"},"done":true},"minecraft:recipes/building_blocks/oak_planks":{"criteria":{"has_logs":"2025-09-16 20:14:03 +0000"},"done":true},"minecraft:recipes/misc/bone_meal":{"criteria":{"has_bone":"2025-09-16 20:20:13 +0000"},"done":true},"minecraft:recipes/building_blocks/polished_diorite_from_diorite_stonecutting":{"criteria":{"has_diorite":"2025-09-16 20:26:17 +0000"},"done":true},"minecraft:recipes/misc/iron_nugget_from_blasting":{"criteria":{"has_chainmail_helmet":"2025-09-16 20:13:04 +0000"},"done":true},"minecraft:adventure/kill_a_mob":{"criteria":{"minecraft:skeleton":"2025-09-16 20:20:12 +0000"},"done":true},"minecraft:recipes/transportation/pale_oak_boat":{"criteria":{"in_water":"2025-09-16 20:19:15 +0000"},"done":true},"minecraft:recipes/decorations/diorite_wall":{"criteria":{"has_diorite":"2025-09-16 20:26:17 +0000"},"done":true},"minecraft:recipes/building_blocks/stone":{"criteria":{"has_cobblestone":"2025-09-16 20:18:13 +0000"},"done":true},"minecraft:adventure/adventuring_time":{"criteria":{"minecraft:forest":"2025-09-16 20:13:52 +0000","minecraft:cherry_grove":"2025-09-16 20:16:15 +0000","minecraft:river":"2025-09-16 20:12:24 +0000","minecraft:meadow":"2025-09-16 20:21:40 +0000","minecraft:birch_forest":"2025-09-16 20:11:22 +0000","minecraft:dripstone_caves":"2025-09-16 20:18:02 +0000","minecraft:plains":"2025-09-16 20:17:08 +0000"},"done":false},"minecraft:recipes/transportation/bamboo_raft":{"criteria":{"in_water":"2025-09-16 20:19:15 +0000"},"done":true},"minecraft:recipes/decorations/barrel":{"criteria":{"has_planks":"2025-09-16 20:18:20 +0000"},"done":true},"minecraft:recipes/decorations/cobblestone_wall_from_cobblestone_stonecutting":{"criteria":{"has_cobblestone":"2025-09-16 20:18:13 +0000"},"done":true},"minecraft:recipes/decorations/magenta_shulker_box":{"criteria":{"has_shulker_box":"2025-09-16 20:12:28 +0000"},"done":true},"minecraft:recipes/building_blocks/cobblestone_stairs_from_cobblestone_stonecutting":{"criteria":{"has_cobblestone":"2025-09-16 20:18:13 +0000"},"done":true},"minecraft:recipes/decorations/white_bed":{"criteria":{"has_white_wool":"2025-09-16 20:16:11 +0000"},"done":true},"minecraft:recipes/building_blocks/diorite_slab_from_diorite_stonecutting":{"criteria":{"has_diorite":"2025-09-16 20:26:17 +0000"},"done":true},"minecraft:recipes/decorations/light_gray_shulker_box":{"criteria":{"has_shulker_box":"2025-09-16 20:12:28 +0000"},"done":true},"minecraft:recipes/transportation/spruce_boat":{"criteria":{"in_water":"2025-09-16 20:19:15 +0000"},"done":true},"minecraft:husbandry/balanced_diet":{"criteria":{"bread":"2025-09-16 20:13:42 +0000"},"done":false},"minecraft:recipes/building_blocks/cobblestone_stairs":{"criteria":{"has_cobblestone":"2025-09-16 20:18:13 +0000"},"done":true},"minecraft:recipes/building_blocks/polished_diorite_slab_from_diorite_stonecutting":{"criteria":{"has_diorite":"2025-09-16 20:26:17 +0000"},"done":true},"minecraft:husbandry/root":{"criteria":{"consumed_item":"2025-09-16 20:13:42 +0000"},"done":true},"minecraft:recipes/transportation/birch_boat":{"criteria":{"in_water":"2025-09-16 20:19:15 +0000"},"done":true},"minecraft:recipes/tools/stone_hoe":{"criteria":{"has_cobblestone":"2025-09-16 20:18:13 +0000"},"done":true},"minecraft:recipes/decorations/white_carpet":{"criteria":{"has_white_wool":"2025-09-16 20:16:11 +0000"},"done":true},"minecraft:recipes/transportation/oak_boat":{"criteria":{"in_water":"2025-09-16 20:19:15 +0000"},"done":true},"minecraft:recipes/decorations/blue_shulker_box":{"criteria":{"has_shulker_box":"2025-09-16 20:12:28 +0000"},"done":true},"minecraft:recipes/building_blocks/polished_diorite_stairs_from_diorite_stonecutting":{"criteria":{"has_diorite":"2025-09-16 20:26:17 +0000"},"done":true},"minecraft:recipes/decorations/orange_shulker_box":{"criteria":{"has_shulker_box":"2025-09-16 20:12:28 +0000"},"done":true},"minecraft:recipes/building_blocks/coal_block":{"criteria":{"has_coal":"2025-09-16 20:25:19 +0000"},"done":true},"minecraft:recipes/tools/stone_shovel":{"criteria":{"has_cobblestone":"2025-09-16 20:18:13 +0000"},"done":true},"minecraft:recipes/building_blocks/diorite_stairs":{"criteria":{"has_diorite":"2025-09-16 20:26:17 +0000"},"done":true},"minecraft:recipes/building_blocks/oak_wood":{"criteria":{"has_log":"2025-09-16 20:14:03 +0000"},"done":true},"minecraft:story/root":{"criteria":{"crafting_table":"2025-09-16 20:18:36 +0000"},"done":true},"minecraft:recipes/redstone/oak_button":{"criteria":{"has_planks":"2025-09-16 20:18:20 +0000"},"done":true},"minecraft:recipes/transportation/jungle_boat":{"criteria":{"in_water":"2025-09-16 20:19:15 +0000"},"done":true},"minecraft:recipes/transportation/dark_oak_boat":{"criteria":{"in_water":"2025-09-16 20:19:15 +0000"},"done":true},"minecraft:recipes/decorations/black_shulker_box":{"criteria":{"has_shulker_box":"2025-09-16 20:12:28 +0000"},"done":true},"DataVersion":4440}