{"minecraft:recipes/decorations/red_shulker_box":{"criteria":{"has_shulker_box":"2025-09-16 20:12:28 +0000"},"done":true},"minecraft:recipes/decorations/yellow_shulker_box":{"criteria":{"has_shulker_box":"2025-09-16 20:12:28 +0000"},"done":true},"minecraft:recipes/misc/iron_nugget_from_smelting":{"criteria":{"has_chainmail_helmet":"2025-09-16 20:13:04 +0000"},"done":true},"minecraft:recipes/food/cooked_mutton_from_smoking":{"criteria":{"has_mutton":"2025-09-16 20:16:11 +0000"},"done":true},"minecraft:recipes/decorations/gray_shulker_box":{"criteria":{"has_shulker_box":"2025-09-16 20:12:28 +0000"},"done":true},"minecraft:recipes/decorations/lime_shulker_box":{"criteria":{"has_shulker_box":"2025-09-16 20:12:28 +0000"},"done":true},"minecraft:recipes/decorations/purple_shulker_box":{"criteria":{"has_shulker_box":"2025-09-16 20:12:28 +0000"},"done":true},"minecraft:recipes/misc/gold_nugget_from_smelting":{"criteria":{"has_golden_axe":"2025-09-16 20:15:49 +0000"},"done":true},"minecraft:recipes/food/cooked_mutton":{"criteria":{"has_mutton":"2025-09-16 20:16:11 +0000"},"done":true},"minecraft:recipes/decorations/pink_shulker_box":{"criteria":{"has_shulker_box":"2025-09-16 20:12:28 +0000"},"done":true},"minecraft:recipes/decorations/white_banner":{"criteria":{"has_white_wool":"2025-09-16 20:16:11 +0000"},"done":true},"minecraft:recipes/misc/charcoal":{"criteria":{"has_log":"2025-09-16 20:14:03 +0000"},"done":true},"minecraft:recipes/decorations/cyan_shulker_box":{"criteria":{"has_shulker_box":"2025-09-16 20:12:28 +0000"},"done":true},"minecraft:recipes/decorations/painting":{"criteria":{"has_wool":"2025-09-16 20:16:11 +0000"},"done":true},"minecraft:recipes/misc/gold_nugget_from_blasting":{"criteria":{"has_golden_axe":"2025-09-16 20:15:49 +0000"},"done":true},"minecraft:recipes/decorations/white_shulker_box":{"criteria":{"has_shulker_box":"2025-09-16 20:12:28 +0000"},"done":true},"minecraft:recipes/decorations/green_shulker_box":{"criteria":{"has_shulker_box":"2025-09-16 20:12:28 +0000"},"done":true},"minecraft:recipes/food/cooked_mutton_from_campfire_cooking":{"criteria":{"has_mutton":"2025-09-16 20:16:11 +0000"},"done":true},"minecraft:recipes/decorations/crafting_table":{"criteria":{"unlock_right_away":"2025-09-16 20:11:21 +0000"},"done":true},"minecraft:recipes/decorations/chest":{"criteria":{"has_lots_of_items":"2025-09-16 20:12:48 +0000"},"done":true},"minecraft:recipes/redstone/dispenser":{"criteria":{"has_bow":"2025-09-16 20:13:16 +0000"},"done":true},"minecraft:adventure/root":{"criteria":{"killed_something":"2025-09-16 20:16:10 +0000"},"done":true},"minecraft:recipes/decorations/brown_shulker_box":{"criteria":{"has_shulker_box":"2025-09-16 20:12:28 +0000"},"done":true},"minecraft:recipes/decorations/light_blue_shulker_box":{"criteria":{"has_shulker_box":"2025-09-16 20:12:28 +0000"},"done":true},"minecraft:recipes/building_blocks/oak_planks":{"criteria":{"has_logs":"2025-09-16 20:14:03 +0000"},"done":true},"minecraft:recipes/misc/iron_nugget_from_blasting":{"criteria":{"has_chainmail_helmet":"2025-09-16 20:13:04 +0000"},"done":true},"minecraft:adventure/adventuring_time":{"criteria":{"minecraft:forest":"2025-09-16 20:13:52 +0000","minecraft:cherry_grove":"2025-09-16 20:16:15 +0000","minecraft:river":"2025-09-16 20:12:24 +0000","minecraft:birch_forest":"2025-09-16 20:11:22 +0000"},"done":false},"minecraft:recipes/decorations/magenta_shulker_box":{"criteria":{"has_shulker_box":"2025-09-16 20:12:28 +0000"},"done":true},"minecraft:recipes/decorations/white_bed":{"criteria":{"has_white_wool":"2025-09-16 20:16:11 +0000"},"done":true},"minecraft:recipes/decorations/light_gray_shulker_box":{"criteria":{"has_shulker_box":"2025-09-16 20:12:28 +0000"},"done":true},"minecraft:husbandry/balanced_diet":{"criteria":{"bread":"2025-09-16 20:13:42 +0000"},"done":false},"minecraft:husbandry/root":{"criteria":{"consumed_item":"2025-09-16 20:13:42 +0000"},"done":true},"minecraft:recipes/decorations/white_carpet":{"criteria":{"has_white_wool":"2025-09-16 20:16:11 +0000"},"done":true},"minecraft:recipes/decorations/blue_shulker_box":{"criteria":{"has_shulker_box":"2025-09-16 20:12:28 +0000"},"done":true},"minecraft:recipes/decorations/orange_shulker_box":{"criteria":{"has_shulker_box":"2025-09-16 20:12:28 +0000"},"done":true},"minecraft:recipes/building_blocks/oak_wood":{"criteria":{"has_log":"2025-09-16 20:14:03 +0000"},"done":true},"minecraft:recipes/decorations/black_shulker_box":{"criteria":{"has_shulker_box":"2025-09-16 20:12:28 +0000"},"done":true},"DataVersion":4440}